GID	5	15	30	45	60	90
YAL003W	-0,0798202931	-1,8303648362	-0,9981056032	-0,7180454103	-0,3368430954	-0,6367044664
YAR073W	-0,1427875982	-1,0375423517	-0,4637934931	0,0600164066	0,1127616862	-0,0388528585
YBL087C	-0,3884320175	-1,317689071	-0,6327546226	-0,2791648263	0,2864547384	0,0307480885
YBR066C	0,6551218915	1,3953639586	-0,1094257612	-0,2186199077	0,0989549622	0,411768578
YBR072W	0,1224523682	0,8055680863	0,840406371	1,0126227545	0,4177236765	0,186658397
YBR160W	0,679606301	1,3547983232	0,6808961238	0,4127663492	0,7260523357	0,502201891
YBR165W	0,9542567031	1,1260310443	0,2898382161	0,0109517717	0,0356350613	0,2382348958
YBR169C	0,9912201112	2,2805754779	1,6579767701	1,5937834519	0,3603307803	-0,0147286252
YCL054W	-1,6520353369	-3,3146823938	-0,3137140401	-0,5613131231	0,0423832678	-0,1458918592
YCR064C	-0,1025167711	-1,3704987318	0,0877548339	0,0401649416	0,2420103999	0,2648421161
YDL124W	1,3104856465	3,1816401012	2,6303888422	2,0347141733	0,68570421	0,1805438082
YDL218W	0,034643058	0,3920125599	-0,5160211011	0,0007639384	-1,7462731009	-0,5688270495
YDL222C	0,2075553399	1,308393591	0,9832057649	0,6602603123	-0,3243039136	-0,8088305634
YDR070C	0,169709769	1,5045883832	1,5942576418	1,1886333916	0,6136225517	0,0159600383
YDR074W	3,5144166799	5,4981443886	3,0892029756	2,7238423855	0,1817376422	0,6790093902
YDR076W	0,9224917484	1,4750913908	0,1784920845	-0,071304657	0,3438182103	0,5296810498
YDR170C	0,1008084343	-0,0479082724	0,0072731191	-0,0659131835	1,026245953	0,0268225742
YDR272W	0,3034225331	1,2461265468	1,3535174096	1,0742386929	0,0808963647	0,1093006392
YDR358W	0,6033113347	1,539136739	0,9914138868	0,6885135999	0,49648835	-0,4484287867
YDR452W	0,5086025585	1,1863487279	1,0044402085	0,3865344634	0,135592239	0,2362307568
YDR460W	0,2365080296	1,0461393416	0,4151889179	-0,0704021502	0,17197604	0,2880489397
YEL009C	-0,6216364058	-1,4090022139	0,1705849162	0,1064912475	-0,1776329591	-0,0699516644
YEL011W	0,5920784163	1,4233353301	0,669494136	1,8851652178	-0,288248342	0,282010154
YER020W	0,4264089032	1,1935176971	0,4684685996	0,1531267494	-0,0928393939	0,0802844246
YER026C	0,2489780304	0,8678559768	1,2760931259	0,7523665866	0,3990193985	0,4285256817
YER117W	-0,3060895569	-1,4175968597	-0,5835335454	-0,1893114645	0,2629425098	0,1088860608
YFL014W	2,5604780485	5,1239717611	4,2544374398	4,0919015568	3,6154769679	0,9631638972
YFL016C	0,7661399943	1,0419831571	0,374318301	0,3048209483	-0,5175641087	-0,4952513913
YGL184C	0,2025625054	-0,1100426315	0,2966714715	0,9081267209	1,7497136928	0,2528173146
YGR019W	0,4780530974	1,3478748184	0,8374876134	0,6662599242	-0,088519062	0,3524331157
YGR111W	0,3800114544	1,1147266156	1,1254865841	0,5390803058	0,0213975097	0,1712599003
YHL001W	-0,2021664464	-1,2452675382	-0,4426910176	-0,048045681	0,0748817981	0,0513252277
YHL011C	-0,3929855862	-1,4184846435	-0,6273697791	-0,1389031949	-0,1237975004	-0,0473959616
YHR052W	-1,4129904008	-2,6393199307	-0,4958341575	-0,4284015969	0,0146943597	-0,0626995914
YHR141C	-0,2494573018	-1,2626429841	-0,2423337016	-0,1935797207	-0,035141695	-0,0823548081
YHR148W	-0,3835038186	-1,4601873883	-0,3022825685	-0,3687631545	-0,0303430974	0,0154146319
YIL019W	-0,2917096767	-1,071654611	-0,1800448058	0,012679954	0,5369818682	0,3021886693
YIL025C	-0,1631774249	-0,1790406646	-2,067771181	0,0458456475	-0,5258778068	-0,6830938538
YJL088W	-0,0125672967	0,8601368593	0,4056999478	0,5005179203	1,1702950641	0,6725176331
YJR059W	1,4937683409	1,9121344531	0,978818732	0,6014388291	0,2144277917	0,0418268828
YJR063W	-0,9808648016	-1,4077636113	-0,2324794369	-0,1746229588	0,0067866069	-0,1599126282
YKL091C	0,9655308003	2,9029312722	1,7908706193	1,2504151497	-0,0412786911	-0,1828760028
YKL093W	0,6559371037	2,0793244149	1,2661245819	0,8058528636	0,1091413314	0,0826112885
YKL188C	0,1006130112	1,2943922247	0,4566876534	0,2042564832	-0,2406313855	0,142879863
YLL039C	0,1565565518	1,0005144766	1,1144074786	0,5725475141	0,147007086	0,1440522263
YLL045C	-0,3360295817	-1,7850696048	-0,8861622713	-0,2344100678	0,0946810257	-0,0090292003
YLR068W	-0,7785648508	-1,3312611367	-0,3622110239	-0,2163398128	0,2088081683	-0,1602697836
YLR260W	0,5052554279	1,0716747702	0,8155542095	0,3473020101	0,1898986527	0,3894635802
YLR270W	1,4152397165	3,2537824115	2,5975707459	1,6829078288	0,1402195144	0,2593835109
YLR358C	-0,010591409	-0,7393284339	-0,2156482851	-1,7721299331	0,0615469139	0,0080524068
YML100W	1,8926842133	3,551606183	2,7889916307	2,7884705217	0,3858095907	0,7445050498
YMR173W	1,0032708896	3,2030087478	2,8518489972	2,3560493868	1,6853348588	0,584992789
YMR181C	0,2861968427	1,3885279445	1,3627932254	1,1025870569	0,0853973637	0,3226079864
YMR185W	-0,188531427	-1,5390470118	-0,5422275494	-0,2876731505	0,0685135258	0,2328238588
YMR291W	1,5802397461	2,4068499047	0,6171454595	1,5785081801	0,3250435334	0,2750631527
YNL061W	-0,9900886896	-1,7999766936	-0,5573642245	-0,2396371767	-0,1066063687	0,073007833
YNL151C	-0,5794894156	-1,43724647	-0,6887411272	-0,3626057967	-0,2480160293	-0,0866072146
YNL155W	0,1348091127	0,9253176675	1,3263790972	0,4491773876	-0,5227571624	-0,5171052995
YNL247W	-0,4757454615	-1,4957820142	-0,7972502602	-0,1354291982	-0,0985068541	-0,0566192307
YNR012W	-0,2063723285	-1,0256531133	-0,3311256404	-0,0987185599	-0,038183269	0,1869359357
YOL120C	-0,2803574327	-1,1563685251	-0,5337504119	0,0289167382	0,3247580778	0,4025746911
YOL124C	-0,1144234589	-2,6140636352	-0,4618690911	0,261229875	0,2633035475	0,3441639324
YOR052C	0,7396465942	1,7237703177	1,277280691	0,9918425299	-0,7153203658	-0,0663732031
YOR056C	-0,209436978	-1,583550719	-0,7023933194	-0,3919099756	-0,0757294345	0,0625206607
YOR142W	-1,0213490963	0,2595277503	0,3344961636	0,0985649003	0,2214789809	0,057794613
YOR152C	0,4338672193	1,181046464	0,6208855545	0,3013120346	0,0489980444	0,2659965867
YPL042C	-0,2160412596	-0,1574383273	-0,163007568	-0,2159034531	-1,1704926559	-0,0952828238
YPL132W	-1,1869877272	0,2736810246	0,1995018782	0,0832825714	0,0873021693	0,130990974
YPL230W	0,6211728025	1,7627635937	0,8159122953	1,5100457322	-0,1246855445	0,2428400143
YPR143W	-0,4797329497	-1,6094377384	-0,4292183562	-0,3309447645	-0,3322018547	-0,2297822943
YPR145W	-0,7110893814	-1,7776914546	-0,6399373618	-0,7716237106	-0,5866809517	0,2431816361
YER054C	0,5612615848	1,2677473042	0,1573446465	0,8339291799	0,3199120197	0,56156888
YPL093W	-1,3281948523	-2,5258598115	-0,3585892139	-0,3898379138	0,2290056545	-0,1691776452
YMR174C	0,3072575699	1,0289724908	0,4877048204	0,5399925619	0,1444658383	-0,1654507176
YBL017C	-0,2482891886	-0,17142255	-0,1620623211	-0,260677346	-0,1847565207	-3,1431391835
YJL120W	0,1445954666	-0,2108326609	-0,3437752864	-0,2319666335	-0,1436253982	-2,5115146966
YBL005W	0,2413214299	1,8305171797	0,2040970377	0,3302863096	0,2718583261	0,0343125379
YBL009W	-0,4464469441	-0,7866477382	-1,0839144175	-0,32961188	0,0242080279	-0,1903028719
YBL107C	-0,2169525102	-0,7036740091	-1,4766957639	-0,738618094	0,0248127325	-0,0862201338
YBR078W	-0,3327796402	-0,9887441894	-1,2746844826	-0,4028866657	-0,1758160631	-0,1811515472
YBR177C	0,2548107457	0,346249104	1,0544859214	0,4098190435	0,2814998825	0,2890121446
YBR181C	-0,0798689214	-1,1251755696	-1,0952813601	-0,2639092256	0,0798435084	0,1336002255
YDL046W	0,4644502565	1,0276812447	0,8948307418	0,414586864	-0,1026735462	-0,001004031
YDR184C	-0,7587093566	-1,5393721495	-0,4179496839	-0,4300017301	-0,0558393612	-0,0858314092
YDR273W	0,5005738166	1,2238108542	0,9040716392	0,2916786749	0,2813805874	0,4302700785
YDR368W	0,4295631114	1,8975175983	1,4218023004	1,091367337	0,5217486549	0,1591935596
YDR374C	0,1800837692	1,6378921328	0,2807386214	0,2274194197	0,4609391398	0,3240215058
YER038C	1,2316672837	1,6007552056	0,802485561	0,2812900735	-0,1968440245	-0,0260920492
YER127W	-0,4486199083	-1,6799750051	-0,1297559853	-0,6573272678	0,1937636782	-0,0578299006
YFR053C	1,2757754409	2,0905059298	2,0606041791	1,7974955139	-0,0985094982	0,640858855
YGL006W	0,5437200718	1,1111506159	0,8218789935	0,5046380769	-0,1642229996	0,0234420783
YGL094C	-1,2469497977	-0,5484624017	-1,6053562164	-0,2083915686	-0,0001139182	-0,2246589549
YGL096W	0,1811606874	0,9595733777	1,0300486388	0,4029725681	0,1845652508	0,1582531544
YGL098W	0,2075341132	1,088000829	-1,9127424761	0,2910325493	-0,0402546686	0,1521551295
YGL102C	-0,4903855494	-1,0258073629	-0,7324467233	-0,1644488341	0,1383010235	-0,2738663286
YGL192W	0,7828312424	1,2007104785	-0,132664247	0,040387662	-0,1888963747	0,1458905052
YGR023W	0,5672603684	1,4156804414	0,623748641	0,4961294178	0,2282547025	0,0792385887
YGR123C	0,0247296307	-1,0141231117	-0,908162056	-0,3861778968	-0,1219429604	0,0275394876
YGR127W	0,3022018235	1,6672434432	0,6685735173	0,3984187545	-0,106454052	0,0339917592
YHL015W	0,2630930065	0,052442116	-1,0206815483	-0,096120912	-0,0592320602	-0,033686529
YHL021C	1,0054046329	3,4278976858	2,5100656878	1,5944272102	-1,1194708816	-0,3323733007
YHL023C	-1,5290278724	0,1371804399	0,0425727868	-0,0941796101	-0,0581695625	0,1641116585
YHR064C	-0,0265200311	-0,4890404914	-1,141673952	-0,3247201211	-0,3106436932	-0,1642702075
YHR066W	-1,1112849952	-2,5307058377	-0,2584988857	-0,2987038999	0,3224697748	0,0850926516
YHR160C	0,2764385648	0,7068826359	1,2937415229	0,3383150587	0,4136238259	0,4135702166
YIL136W	-0,3383464726	1,7480222919	1,9290079271	1,1123289058	0,3483801605	0,3909139362
YJL001W	-0,6634734551	0,467006671	1,2233731164	0,5132664873	-0,0723643485	-0,2078340521
YJL106W	1,1129929809	1,7753743321	0,0996655097	0,3984393107	-0,1933508245	0,2033949989
YJL108C	2,2215800108	3,8279483044	1,3324399486	0,7336722295	0,7469117977	1,158125805
YJL200C	-0,0779263391	-1,1524595779	-0,9732807435	0,3263118707	0,6265642071	0,0765330753
YJR073C	0,1081663011	0,0356034965	1,2096823252	1,1805717702	1,0303822045	0,1422878937
YKL009W	-1,4550694511	-2,4606447431	-0,8626786257	-0,3727652545	0,0777599267	0,0532659668
YKL198C	0,2096715666	1,0000717529	0,345641793	0,2711053736	0,2624220629	0,2408639151
YKL200C	0,6368176413	1,2076949261	0,2549590264	0,2247422646	0,5253557365	0,3693092358
YLL059C	-0,1013076065	-1,2488657212	-0,0208002095	-0,1690093321	-0,4178846474	0,087271918
YLR080W	0,1505549751	0,7658604695	1,2640025873	0,5692918718	-0,0191412138	0,1848540927
YLR276C	-1,3582255794	-2,9151858866	-0,8143809759	-0,5445121628	-0,2464707001	-0,461239714
YLR372W	-1,0411888962	-1,8200325011	-1,4118108287	-0,544109827	-0,2802350081	-0,2521077868
YMR090W	0,3525523982	2,2599826865	2,8231948796	2,0760469232	2,1352427332	1,0027289734
YMR092C	0,1993815723	1,1146847467	0,7266629052	0,3275296622	-0,4880619498	-0,2004330085
YMR196W	0,1482262125	0,6289441782	1,2930124222	0,3587424598	-0,0753034896	-0,1218664551
YMR296C	0,175155159	-0,2673132917	-0,1535201501	0,0673900152	1,0111485062	0,3254410529
YMR300C	-0,065447124	-0,3102661213	1,2406633709	0,435243489	0,1310834669	0,1426721092
YMR304W	-0,0008853395	0,7124062991	1,0266675368	0,4459695506	0,1662820333	0,017992722
YNL067W	-0,5830019569	-0,428425159	-1,2060390252	-0,0481076639	0,4247923746	0,4111221992
YNL073W	0,0076983546	-4,103688672	0,3144116202	0,3137353636	0,0342885655	0,1856430042
YNL075W	-0,3695730395	-1,5660092441	-0,777646171	-0,29040014	-0,2971800805	-0,1366882171
YOL136C	0,8818947021	1,0481192431	-0,0319416605	0,078140643	-0,0698031504	-0,0373392794
YOR068C	0,0001316645	-0,2906969803	-0,1925022416	-1,1471110786	-0,0962695202	0,0047053902
YOR156C	0,2903075136	0,3304599333	0,1222874099	0,4482491929	-1,6782777683	0,286519059
YOR254C	-0,4466072444	-1,0579036836	-0,5879116376	-0,0977669002	0,1005443278	-0,1095477021
YPL054W	0,4039684619	1,9822469873	0,59749845	0,3320837946	0,2786042668	0,0719831453
YPL146C	-0,5884479992	-1,5057844039	-0,5277943942	-0,3507479003	-0,1457490174	0,2106796045
YPL154C	0,657297471	0,9908161519	1,4674925524	0,885184128	0,2689710713	0,1434671839
YPL240C	0,8974108145	1,54667971	0,4169148171	0,3201981695	-1,0258424201	-1,5555180521
YPR149W	1,3030057305	2,38247915	1,3062395654	0,7989086006	-0,0563575813	0,2133805465
YPL127C	-0,1802419389	-1,0808600261	-0,9100245477	-0,5475272677	-0,2263168782	-0,6525810149
YPL160W	-0,1406971719	-1,0972289867	-0,5482660509	-0,1472216369	-0,0186934267	-0,072874556
YPL212C	-0,0410027395	-1,2735552965	-0,9217229656	-0,5430701329	-0,0755308655	-0,3994015775
YMR120C	2,507570297	-0,6819175268	0,1183050847	0,1586472742	-0,0532674511	-0,1180669753
YFR031C-A	-0,1382560667	-1,440099711	-1,5288965739	-0,4692634315	-0,2835882024	-0,6889113068
YBR084C-A	-0,1587777067	-1,247623347	-0,6896282995	-0,1006794478	0,1191506608	0,1772150692
YCR072C	-0,4570024349	-0,9191668752	-0,481318996	-0,2953197671	-0,0844828989	-1,0551764047
YAL009W	0,0587998735	0,3615393636	-0,4023340339	-0,6953566076	-3,64474067	0,0633705001
YAR069C	-0,038348489	-0,015766504	-0,1005809442	-0,1449002675	-1,3539504493	0,0174838802
YAR071W	-0,357050663	-1,0651211644	-1,5087585328	-0,672214079	-0,4137732152	-0,2802554252
YBL002W	-0,595938836	-0,2772859616	-0,5352377312	-1,1025881099	-0,1236300377	0,1361414905
YBR069C	-0,1734778162	-0,4088852924	-2,6937824667	-0,490352023	-0,0199378328	0,1993992316
YBR161W	1,3417334007	1,6843762188	-0,0797088383	0,2273868855	0,1767396073	0,4715696098
YBR168W	0,3046799528	1,1960688674	-1,8035478041	0,1444258785	0,0064315563	0,3279017906
YBR264C	0,2085493661	-0,6292113414	-1,4560024192	-0,4753445716	-0,2877185399	-0,4770315179
YBR266C	-0,4909889293	-1,9830820797	-0,7281658329	-0,4760770506	0,0052137613	-0,5649761766
YCL053C	-0,7307709041	-1,8501156803	-0,6041271597	-0,434827803	-0,0003922915	-0,1032032768
YCL059C	-0,5361755946	-2,0644821905	-1,451623052	-0,5318119559	-0,014526946	-0,3686839394
YDR069C	0,9474037027	1,4317370031	0,0173052566	-0,0858233718	-0,4306111679	-0,1747960465
YDR077W	0,5786736592	1,1660652658	1,1532034821	1,7593563021	1,1914547014	1,2419647279
YDR165W	-0,5950332832	-1,7214423197	-0,5858160358	-0,1987018476	-0,1340014149	-0,1373247309
YDR169C	0,2569039816	1,1767380031	0,8107883491	-1,1076345225	0,1887458863	0,354465158
YDR171W	1,3613104377	2,8335322913	1,9724874734	0,7216337636	-0,7586838241	-0,618289013
YDR355C	-0,2348355758	0,0346520652	-1,0583088807	0,0044494011	0,1685307864	-0,0295617993
YDR365C	-0,2161630934	-1,0466591676	-0,0952330079	-0,2123454713	0,0068732803	-0,2757999973
YDR453C	0,1719170456	0,8702369582	1,7253673677	1,5493654856	1,2381304911	0,2532200931
YEL008W	-0,2612959019	0,0616479228	-0,0267588281	-1,0604017196	-0,0228703239	0,1488200058
YGL081W	0,2143090821	1,3769660127	1,4787155435	0,5132939991	0,593362245	0,5949873165
YGR108W	-0,5376657347	-1,1808871596	-0,2978818484	-0,3505372327	0,0168110356	0,9501711337
YGR110W	0,147461172	1,3281300028	1,3389673908	0,6744436197	0,0715538892	0,2953625007
YHL004W	0,1927064963	-2,5440647149	0,0853073448	-0,2588525861	-0,0009752132	0,1840609958
YHR049W	0,1796440721	1,5106925464	-0,5813014961	0,1572287039	0,6638400916	0,9347093108
YIL018W	-0,1035945644	-1,5763094043	-0,9281741303	-0,6280724135	-0,2484441109	-0,4098713446
YIL117C	0,1544812505	0,3740819694	1,157924703	0,7360664557	-0,5718686737	-0,8480849659
YIL125W	0,265614786	0,788294451	1,0957057318	0,7481662889	0,2087137144	0,3281947034
YIR038C	0,2740530523	0,9490922625	1,6043074867	1,5432965036	1,4161547786	0,0982936353
YJL089W	0,0978840153	1,6406740518	1,956710899	0,3227681833	0,2462600292	0,3553931585
YJL093C	-0,0399145924	0,6053365542	1,2174155203	0,5193655608	0,0217797079	0,4023216122
YKL185W	-0,7299587375	-1,041523603	-0,8172142645	-0,3834131591	0,0409638414	0,1984311391
YKL189W	-0,0069149879	1,0141745763	0,4839341145	0,2140122788	-0,2970681654	0,0287080197
YKR056W	-0,9320458608	-2,7124123609	-0,4125879493	-0,6324301769	-0,149527579	-0,1678075487
YLL042C	-1,1348453101	-0,1010679644	0,0376360399	-0,1563030037	-0,1865718263	-0,1656265076
YLL044W	-0,5899438755	-1,1272565279	-1,0407263323	-0,4539581768	-0,0578964798	-0,2074702562
YLR165C	0,5035837904	1,1631425724	0,5913576479	0,2458673177	-0,2160327082	-0,0795864899
YLR175W	-0,8350287568	-2,209328334	-1,0389025376	-0,9125035925	0,0968852463	0,0148956569
YLR267W	0,6716322493	2,320199844	1,8700235666	0,2370074316	0,018240633	0,2196798538
YLR271W	-0,2052130018	0,596734486	1,0836871853	0,7403749738	-1,7485935053	-0,2240255706
YLR357W	-2,3043886473	-0,1579311798	-0,0998576515	-0,5491668188	0,050503955	-0,1858788163
YLR359W	-0,5138796287	-0,6641261632	1,037169985	1,1502149511	0,071550372	-0,5083407505
YLR361C	-1,1070660098	0,4175737915	-0,0423382806	-0,0864781864	-0,1382341967	0,0115218312
YLR363C	0,7476499697	1,0063399753	0,5182574253	-0,0223513659	0,0208926226	0,0840441907
YLR367W	-0,0691925732	-1,1040856716	-0,8676516346	-0,4148911526	0,1363527351	0,1347589379
YMR076C	-0,9052477981	-2,0258955627	-1,8259959959	-1,1568341987	0,0870190924	-0,6089037304
YMR078C	-0,6226895128	-1,2205889407	-0,7377417906	-1,2040102281	0,2165158761	0,0738198551
YMR186W	0,547868385	0,3347864043	0,2557275003	0,0967137676	-0,6772517626	-1,355589834
YMR290C	-0,6034383014	-1,3472002954	-1,1370149662	-0,3856026073	-0,073782134	0,0390727223
YNL060C	-0,4847540314	-1,1218656606	-0,5639979636	-0,1342800169	-0,1244808683	-0,1028259508
YNL062C	-0,1708353004	-1,2175632031	-0,4028710663	-0,2420668627	-0,0335134517	-0,2296710814
YNL064C	0,179591005	-0,9409839952	-0,5476287486	-0,1643592149	-0,7003087098	-1,2009637265
YNL156C	-0,3855223801	-0,7198683895	-1,189900731	-2,6982326778	-0,9751023098	-1,3478881081
YNL158W	-0,6148654399	-0,7622558949	-0,8840249592	-0,8693698825	-0,7426141486	-1,1092386646
YNL160W	0,8587199307	1,6076763185	2,6584322374	3,1024770824	1,4838932238	0,9394501014
YNL248C	-0,8417348425	-2,3148790968	-0,5988363206	-0,4342321514	0,1123198187	-0,3567640789
YOL022C	-0,2440786204	-1,250753066	-0,5397858869	-0,0715977042	0,0578927455	-0,2163873599
YOL119C	0,2216915916	0,6733752003	1,3243520194	0,8283706309	0,5671239163	0,6310305493
YOL123W	0,2721448283	-0,1764726177	-1,2091428155	-1,2230658189	-0,3450824516	-0,3372886822
YOR145C	-0,6239275067	-1,3111409652	-0,5179773577	-0,1505183475	0,1528398137	0,1578607428
YOR243C	-0,5608707957	-1,0440610707	-0,4038190295	0,0502076432	0,0687727652	0,231623675
YOR245C	0,4428845876	1,2537666521	0,5817544151	0,5854631314	0,0688465903	0,0374908804
YPL043W	-0,835055248	-1,5289984502	-0,6232843614	-0,339142512	0,0024170815	-0,4367501404
YPR142C	-0,6569671243	-1,3419387987	-0,3819493032	-0,4109989178	-0,0790431871	-0,0973016763
YPR144C	-0,2542161178	-1,0516874306	-0,0544140587	0,0735020431	0,3222097475	0,3299093947
YPL012W	-0,4253458027	-1,5962401565	-0,7403284515	-0,5395459782	-0,0354103662	-0,1325425013
YAL035W	-0,5561093811	-1,0572457396	-0,4870169604	-0,281158436	-0,2450903956	-0,2146311802
YAL025C	-0,6587390919	-2,3241001562	-0,4371043702	-0,4192460745	0,0403997859	0,0793784668
YBR079C	-0,3242619359	-1,472145762	-0,5858686884	-0,6699951569	-0,2893098476	-0,2582465416
YBR083W	-0,2157214048	-0,9631191247	-1,1196081245	-1,2276566603	-0,6409696295	0,0787184073
YBR084W	-0,4715144484	-2,0093320514	-1,0300369527	-0,3701643994	0,0094198916	-0,148557381
YBR088C	-1,0310775811	-1,1969441642	-1,1245427361	-0,3586751838	0,3138311689	0,0507262669
YBR270C	0,1321576879	1,0407551198	0,4315803526	0,1838443701	0,1228533258	0,3260916001
YDL139C	0,2644204918	0,5108626841	0,1651442418	-0,1476682111	0,0915648025	-1,3909170955
YDR083W	-1,0704197912	-2,7070911396	-0,76669938	-0,3315713283	0,0819188814	-0,1394258491
YDR085C	2,4534750126	3,3428349861	1,1504195785	2,12382063	0,0360438498	0,5137147688
YDR277C	0,9330024133	1,8785966564	-0,6279835907	2,3524939243	-0,027477623	0,6700560231
YDR279W	-0,3491939317	-1,1281442594	-0,5557238937	-0,4796817728	0,0133160413	-0,0312265551
YDR465C	-0,2276042225	-1,1584912793	-0,6596740812	-0,0924324553	0,0801518348	-0,0360224166
YDR471W	-0,3989953161	-1,6739931959	-0,3569492232	0,3986693247	0,387017161	0,3585474649
YEL017W	-0,0624623989	0,0435947218	-0,2027667536	-0,1130943872	-0,3607079051	-1,1491249563
YER033C	0,1095180955	0,5148345194	0,8345468278	0,1759851174	0,2464616937	-1,0547792007
YER035W	0,3421666476	1,265088941	0,7488450666	0,4783013134	-0,0505483082	-1,6488222603
YER037W	0,9759805593	2,3633619015	1,2349164369	0,6948526379	0,0576529079	0,0849678995
YER126C	-0,1998512365	-1,669398364	-0,5396407041	0,1804405613	0,382126682	0,3428362348
YGL097W	-0,5265621598	-1,3317246262	-0,5427171177	-0,6601275189	0,1126172375	-0,3084284281
YGL099W	-0,3113444144	-1,2892611211	-0,4160807062	-0,2429765635	0,181588936	0,4527093367
YGL103W	-0,4962784045	-1,6094219024	-0,5987026876	-0,3428850683	-0,05266007	-0,0251651836
YGR118W	-0,091194764	-1,1360562677	-0,593263459	-0,0421354217	0,0532011838	0,1522112342
YGR122W	0,7820118559	1,6900842557	0,3323158335	0,3003474129	-0,0333403635	0,1831798804
YGR124W	-0,1761707702	-1,2704753491	-0,5656759832	-0,452063562	-0,2307312735	-0,0238392203
YGR128C	-0,6795319484	-2,7101366079	-0,4627300738	-0,3573926792	0,0179848976	-0,1145738101
YGR214W	-0,0665992129	-1,7801964041	-1,0442750425	-0,5730166976	0,061203445	0,017683288
YGR222W	0,4444514634	1,0072267321	0,2259293286	0,0989066109	-0,2371361807	0,0484687276
YHL022C	0,3071416602	1,0399633268	0,7900089189	0,0806911875	-0,0350998699	0,0297678573
YHR065C	-0,6065367878	-1,8941410726	-0,2278816675	-0,2305650298	0,239085866	0,1053822954
YIL127C	-0,7171248255	-2,0762613141	-0,6279614597	-0,2572064966	0,0759863049	-0,0293205174
YIL133C	-0,2952697023	-2,107856577	-0,654898064	0,0875352517	0,0793919976	0,1466211604
YJL010C	-0,5668700408	-1,2952471017	-0,6288727459	-0,2602520981	-0,164035659	-0,0559339937
YJL103C	-0,1354216259	1,7641949223	0,7057739932	0,2771041191	-0,0694225979	0,5448012642
YJL107C	1,5838314887	4,4688511676	0,9536982867	0,1886802264	0,6739586912	1,0773605127
YJR070C	-0,1661239018	-1,6817552429	-1,0644281072	-0,4878199103	-0,1704200692	-0,1664324866
YJR072C	0,0447967599	-1,3297789581	-0,3534848047	-0,2293014057	0,01612982	0,1265039337
YKL006W	-0,2391114621	-1,950900181	-0,5962905373	-0,1407659579	0,0860474711	0,097279866
YKL096W	1,1152811099	3,0318641514	1,7054936395	1,1770605768	1,299957738	1,0744120785
YKL096W-A	-0,176239759	-1,188395032	-0,584350251	0,051772948	0,6206102404	0,1059088772
YKL099C	-0,6368080988	-2,2092359552	-0,3155231137	-0,4348092584	0,2002438641	0,0310204767
YKL103C	0,6215398315	1,8099318703	1,954208733	1,18985622	0,02828758	0,263149242
YKL193C	0,6627511369	1,701135723	1,0570784726	0,8431610922	-0,1495288727	0,106715476
YKL201C	0,9902297492	1,5581640705	0,384236302	0,166852945	0,4821849228	0,6742082659
YLL058W	0,3725741603	0,4357632864	1,0352290681	0,63944464	0,4440988245	0,6796476845
YLL062C	0,001370566	-0,4339786366	-0,4034696591	-0,0730474276	1,138247719	-0,1234516706
YLR081W	0,8204090408	1,2745627233	-0,3480684455	0,9503620779	0,0857636521	0,5310591414
YLR083C	-0,4152220377	-1,4087035105	-1,0778278977	0,0444276036	0,099605442	-0,0980395876
YLR089C	0,0748004693	1,37207549	1,0346103361	0,8133371042	0,9493387099	0,9347059415
YLR177W	0,7086655358	1,2914457297	0,1751107293	0,8183403193	0,09609004	0,1440271681
YLR179C	0,023643569	-0,506645883	-1,0827255234	-0,6486105836	0,0113714343	-0,2959931203
YLR183C	-0,149974146	-1,5883119938	-1,1684716561	-0,4020962374	0,2569403258	-0,1185089485
YLR185W	0,0707563458	-1,1548676754	-0,9963584692	-0,2067819788	-0,0950501066	0,1648628297
YML002W	0,0449987132	1,7185954648	0,4397225717	0,1370715201	-0,1301015295	0,0091401675
YML004C	0,7368839515	3,326526802	2,9707297575	1,7155416138	0,2166351065	-0,062470351
YMR081C	0,3162786641	1,6274891646	0,3761707356	3,0127652247	0,37179595	0,3823775364
YMR083W	-0,2140671669	-1,0257458073	-0,6686906047	0,0309168743	0,0443240689	-0,2927900973
YMR093W	-0,4845592754	-2,0819350516	-0,1130403558	-0,2228855746	-0,0309833718	-0,1101520642
YMR195W	0,6457426028	1,2832976873	0,7607413571	0,4894374725	0,1793197164	0,6915089044
YMR197C	0,2609828092	1,0917618671	1,3197419426	0,757689829	0,3115652916	0,1602308571
YMR297W	0,5844530587	0,7317443684	0,5733197269	1,1442536454	0,3636653991	-0,0446652231
YMR305C	-0,2341499581	-1,5572295227	-0,6483996113	0,3172128272	0,3584532063	-0,2365215879
YNL066W	-0,1529999744	-1,4048050722	-0,899041742	-0,5346645836	-0,1678692632	-0,2803643374
YNL162W	-0,1779339135	-1,2568881473	-0,6228005584	-0,1252697105	-0,0779492063	-0,0990013689
YNL268W	-0,4035274001	-1,0478280664	-0,3131134306	-0,0554865822	0,2823980861	-0,0365788853
YOL040C	-0,1039898167	-1,1160857728	-0,7082700263	0,0357548066	0,2291174124	0,594461026
YOL139C	-0,2156617116	-2,1926924355	-0,4567228268	0,011980845	-0,0032477818	0,1516235094
YOR059C	-0,0853529789	-1,0568958068	1,1600575497	0,6295258149	-0,0811110586	-0,0528683077
YOR063W	-0,4890868251	-1,9808713362	-1,1519109504	-0,1919162677	-0,0607754994	-0,0492098407
YOR161C	1,9688292422	3,4533306953	2,0803550873	1,6292985074	0,496115554	0,8417402434
YOR261C	0,383976828	0,3934426388	1,0271256926	0,4513665792	-0,305260263	-0,6843999481
YOR357C	0,1222758806	-1,2799105421	0,1710006023	-0,0050658382	-0,1752797641	-0,4130143063
YPL057C	1,3027986846	1,6566253393	-0,3633148375	1,081339253	0,3774594592	0,1129787855
YPL147W	0,256799335	1,5484711175	0,1008758587	0,2989792643	0,1891117462	0,1547890281
YPR150W	0,608842518	-2,1797639191	0,5450174041	0,0396608273	0,0069024151	0,0009316429
YPR152C	0,0294346343	0,0803035354	0,0254107732	-0,2796844883	-1,3869628384	-0,0751533934
YPR156C	-0,6677230754	-1,187054094	1,0502463736	1,4874169433	0,0452694117	-0,2302059866
YPR158W	1,7742476923	2,1329126391	0,8751526947	0,8264239034	-0,4915277673	-0,7898792845
YLR031W	0,5509990741	1,5060076433	1,3827008975	0,7208243646	-1,2925483814	0,2103626285
YPL226W	-0,1949090078	-1,2696200854	-0,8334781961	-0,3629408286	-0,0620819146	0,0543278737
YDR343C	0,8433292055	0,982822091	-0,9065003394	1,4968797464	-0,0398573802	0,1568294981
YBL109W	0,3790989621	-4,72558015	0,4699251932	0,3137996527	0,056435807	0,1392899548
YBR006W	0,4206312806	1,4071141996	1,60424134	0,7460557753	0,2251010303	0,2286527887
YBR089W	-0,7295494927	-1,076993744	-1,0157732621	-0,2093928703	0,0988761843	-0,1479561267
YBR092C	-0,6389576924	-1,8908607475	-1,7548411129	-0,5643505612	-0,4687151299	-0,3400040851
YBR183W	1,2898389683	2,5871391961	1,2613459448	1,4324003197	0,0467374945	0,2490190103
YBR189W	-0,4153590828	-1,3132309932	-0,3394619121	-0,0829695789	0,2370155782	0,3063761153
YBR191W	-0,1039757548	-1,1788407927	-0,5106493475	-0,0947137876	0,0975517008	0,0649935348
YBR285W	0,2939335904	1,8823437951	2,0068524737	1,1714906765	-0,3505651757	0,268165882
YCLX07W	0,0807877615	1,1189955341	0,2828299769	-0,0889330936	-0,1865396154	-0,0134809213
YDL050C	-0,0599818108	-1,0206171411	-0,6927982704	0,1902427806	0,1361197245	0,2380585326
YDL148C	-0,6862780966	-2,7289853782	-0,5622738869	-0,2737132407	0,1464360015	-0,2561880234
YDL150W	-0,6169465071	-1,6984604761	-0,6801724566	-0,5897078429	-0,2820600001	-1,1893832835
YDL152W	-0,1376154908	-1,3028061271	-0,7314409511	-0,0571951487	0,1427577849	-0,0270795898
YDR096W	0,4633708035	1,4818161571	0,231585262	0,5391642295	-0,008493182	0,1630702416
YDR190C	-0,2860335386	-1,0776439006	-0,2415048725	-0,0175859269	0,0282340127	-0,0822778047
YDR380W	0,2343206987	1,6270292407	1,5061478457	0,1268090387	-0,2817894831	0,7662918184
YDR382W	0,2430149541	-1,0303477123	-0,4065186977	-0,0420991958	0,3932542808	-0,3822532288
YER049W	-0,3560349694	-1,1314796533	-0,3099243288	-0,0405433372	-0,0812534371	0,00093956
YGL010W	0,6166094128	1,3417131698	0,69962114	0,2226839337	0,00150356	0,0924877641
YGR043C	0,7216126259	4,0502371978	4,7878208381	2,9487313916	2,8901555132	1,6694543306
YGR225W	0,2006504224	1,4161521184	0,5290496975	0,2505481696	0,151895891	0,2909585713
YHL033C	-0,3989702787	-1,5945180317	-1,2276945577	-0,3521649282	0,0197675135	-0,0266007051
YHR079C	-0,1982594384	-0,1462596278	-0,0569005311	-1,5593436336	0,1591076996	0,0483322587
YIL045W	1,5049505644	2,8638698964	0,3008362362	1,1798829845	-0,2390476154	0,0894548281
YJL023C	0,0979540514	0,3583721948	0,0074656992	-2,6187056854	0,0012010315	-0,1228788121
YJL208C	-1,1996491039	-1,7291188683	-0,5338893338	-0,7732120738	-0,3242887502	0,054630254
YJL210W	-0,1197924817	-0,1353092071	-0,0566987976	0,123200466	-2,1263104401	1,1490287734
YJL214W	0,0961923788	0,8943464288	0,1146011797	1,0138980239	0,3078009697	0,5649362005
YKL021C	-0,2511576414	-1,1989562736	-0,3623829635	-0,1449466421	-0,1085001048	-0,1303245393
YKL110C	-0,2419243908	-1,1681712704	-0,5663836812	-0,0946471389	9.3500358980407e-05	-0,0253152813
YKL202W	0,9841197084	1,5075539884	0,2158402293	0,1837573623	0,4322471313	0,5041704302
YKL210W	0,1042111875	0,1630766771	1,0821198735	0,4832930794	-0,1594358358	-0,1335223227
YKR075C	0,848917045	0,0859429348	-0,6381840531	1,414714323	-0,0435020505	0,1936099279
YKR081C	-1,0704740733	-2,7146952137	-0,4521124783	-0,1498902459	0,2552225965	-0,0880936372
YLR002C	-0,2329311549	-2,0482536694	-0,5107231035	-0,0376749591	0,0953812586	-0,0431886615
YLR006C	0,0279847653	1,1016385172	0,51574369	0,1607231215	-0,1753067348	-0,2059978804
YLR196W	-0,7719187173	-2,9553396533	-0,5403126052	-0,4174130018	0,1530266563	-0,0268963535
YLR198C	0,0012972478	-1,2210794883	-0,6369521617	-0,043263708	0,0426791285	-0,0226176335
YLR284C	0,3381889898	1,4149561136	0,6871078651	0,3904231441	-0,267843606	-0,054747204
YLR382C	-0,0161211244	0,0401437546	-0,4978807731	-0,1441577999	-1,4287820627	0,0760298499
YML131W	0,466195287	3,2653361227	2,9798315353	1,2604122971	0,5395359238	1,0495672073
YMR094W	0,026936784	-0,4426632815	-1,6651012733	-0,2824580946	-0,1319112071	-0,0705182304
YMR308C	-0,2666248998	-1,1429304264	-0,300379813	-0,2132619109	0,0277436189	0,1366551898
YMR310C	-0,3519544881	-1,0490548246	-0,4582179736	-0,1799724082	0,2489871118	0,0524501316
YMR316W	0,5705406116	1,6352673337	-0,2694089574	-0,0309354977	-0,3105998041	-0,5751224571
YNL087W	-0,3418618455	-1,6845919121	-1,2709932272	-0,4255061538	0,1184664593	-0,171704103
YNL179C	0,0694370446	0,0033439442	0,0273631063	-0,1404803097	-1,3134714143	0,0287909348
YNL269W	-0,0026431801	-0,1105698667	0,0814427316	-0,014532551	-0,1410639643	-1,1822564494
YNR034W	0,4125233628	1,0380769266	0,2590130661	0,1556344601	0,1743536682	-0,4388098241
YOL053C	0,6368677091	1,1168818046	1,0553832089	0,6493768954	0,3020515436	0,2349299638
YOL150C	0,536446304	3,7296429446	3,0445943002	1,1438238516	0,7201484551	0,9088444876
YOR072W	0,1339332397	-0,0642630475	-0,1033215024	-0,071439012	0,1126970194	-2,0467561674
YOR078W	-0,3680676431	-1,4563899782	-0,7066468232	-0,4540217764	-0,2217238961	-0,4344749101
YOR266W	-0,1209718257	-0,07645989	-1,062127791	-0,0735596246	-0,4209097478	0,0507247519
YOR272W	-0,3482914308	-1,5613609403	-0,5167935742	-0,4872457281	0,1547805679	0,1301487786
YPL060W	0,7646686111	1,6164190231	0,7333942453	0,3685368362	0,1227196949	0,1191401999
YPL158C	-0,873721624	-1,0696449431	-0,6015150427	-0,1300904124	-0,009645179	0,3218235237
YPL166W	0,1468766792	1,0794985935	0,6050193135	0,22680958	-0,27640006	-0,1628795543
YPR163C	0,0228175557	-1,8002855427	-0,8932805495	-0,1324028254	-0,1052824473	-0,4847260088
YBR199W	0,2833491808	1,2946327845	0,9463293282	0,4650155962	0,0620375112	0,2621222761
YCL027W	0,3508302206	1,019640473	0,0395678408	-0,2003806033	-0,7946570081	-0,0226563166
YGL036W	1,4127777427	1,9543037758	1,0646757867	0,5262147324	0,0174235117	0,2184254521
YML073C	-0,2169925344	-1,1384627917	-0,9398935719	-0,1591178651	-0,0459171136	-0,1006384278
YGR061C	-0,0679195971	-1,5172310252	-0,2978730032	-0,0805094362	0,2393206225	-0,2935705973
YML025C	0,2975796857	0,10922493	0,0587486919	-0,0028551912	-0,0437703648	-1,7107656836
YML056C	-0,4830468622	-1,0616971219	-0,7873408632	-0,1679223261	-0,1312615855	-0,2968838088
YPL263C	-0,1733333311	-1,0875511302	-0,8510072329	-0,4138442979	0,0441610704	-0,1534235926
YPR134W	-1,155349802	0,111495021	-0,4083781539	0,012971396	-0,0250770894	-0,2900156494
YBR214W	0,2868997764	1,7559329845	1,3392611087	0,7146835968	0,1601552961	0,111489212
YAL036C	-0,3217088754	-1,026660479	-0,3708674892	-0,0235949491	0,0738555872	-0,0866897102
YBL027W	-0,3030435111	-1,4024606626	-0,5685731306	-0,0649175853	0,0524718416	0,0952278692
YBR014C	0,3290250184	1,3912283159	1,5607382012	0,7499125357	0,2116469418	0,2817543538
YBR104W	-0,5449242514	-1,9424802847	-0,6195096951	-0,1340634657	-0,1213151566	-0,0796902359
YBR106W	-0,3871235558	-1,1692715578	-0,3485095699	-0,1017600059	0,0742570874	0,0414676432
YBR203W	0,4511519943	1,3586621953	0,0775640404	0,8472002975	0,2907283069	0,0170076321
YBR293W	0,5145224557	1,1068466276	0,6048563966	0,2331224833	-0,1626252569	0,0619458156
YBR295W	0,1887454913	0,3688768298	-0,2055976841	0,1424310584	-2,8685951857	0,0443529412
YBR297W	0,1879647012	1,3034500427	0,1765062255	0,3975617971	-0,0565886997	0,1127837946
YCR005C	0,4217963614	1,6211025166	1,6851604914	-0,0005877948	-1,2106472893	-0,0613129715
YCR007C	0,3732345065	1,0619589203	0,7228858219	0,2496690454	-0,0484709878	0,1786004796
YDL062W	-1,3691686913	-1,4347169349	-0,884726867	-0,3547559995	0,133122118	-0,0396450173
YDR012W	-0,2689170418	-1,2115149474	-0,8786414138	-0,1044262008	-0,0481609134	-0,208997096
YDR202C	0,6317619325	1,3872103387	0,793954084	0,4113649808	-0,2043317483	-0,0130265375
YDR294C	0,0472836496	-0,2274716318	1,0905085217	0,2957408472	-0,0368373565	-0,3220774477
YDR398W	-0,131355445	-1,1189178378	-0,8139511791	-0,444837192	-0,192887989	-0,0774147419
YDR492W	-0,7423455673	-1,6569971585	-1,0462204778	-0,4145784404	-0,3143361606	-0,2150717115
YDR496C	-1,7595578765	-3,2738924856	-0,5369451718	-0,4261755379	0,0264046189	-0,1243135182
YEL040W	-0,9660906611	-0,7748102244	-1,1872939001	-0,710148063	-0,4639190875	-0,426840989
YEL042W	-0,338604858	-1,248105484	-2,1988081255	-0,2220744687	-0,0040485687	0,1056210975
YEL044W	-0,0777725085	-0,6587073267	-1,9350492368	-0,312720424	-0,367375217	-0,1302005459
YEL046C	-0,0131786189	-0,3540097289	-1,0324196622	-0,1224528629	-0,4983868778	0,0005438702
YER053C	1,8108124375	2,6794719415	2,0907283567	2,7422466426	-0,4811703155	-0,271401969
YER056C	-1,1224101085	-1,4587870302	0,0763040213	-0,080384041	0,0628520698	0,0902466591
YER062C	2,0424903328	3,2182039814	3,1119228957	1,6833280809	0,523083969	0,7111364381
YGL028C	-1,2525311024	-0,4198636735	-0,2621449022	-0,4553695604	-0,129926704	0,1030154864
YGL120C	-0,1534757263	-1,1375364842	-0,393914629	-0,0106670872	-0,0655595233	0,0339045212
YGR049W	0,419045699	2,0442408068	0,275255288	-0,0330370658	0,2027440614	0,2342659599
YGR051C	-0,110840386	0,3835164218	-0,1773844896	0,1099998978	-0,0242129426	-1,2911008297
YGR053C	0,3001772266	1,5119821414	0,8992588222	0,8039700807	-0,1068172948	-0,5561437651
YGR145W	-0,5632490858	-2,7002028638	-1,2462047194	-0,5329292827	0,137487953	-0,308397078
YGR149W	0,6518385378	1,5223304201	1,6130314315	0,6279822235	-0,2723651606	0,3094200913
YGR237C	0,4405089985	1,248685119	1,3110303451	0,5086743248	-0,2458281672	0,0346836981
YGR245C	-0,2385285066	-2,1665527018	-1,3103875759	-0,4508279348	-0,0065056971	-0,3128882676
YHL039W	-0,3861909793	-1,3473204534	-0,5613925414	-0,1377014344	-0,0138872722	-0,1245153055
YHR087W	1,1226105177	3,0720817934	2,1807175217	1,7331857585	0,2286146097	0,272514112
YHR089C	-0,8032335172	-2,3277874992	-1,5645016057	-0,7489607724	-0,3574071448	-0,7816676092
YHR184W	0,0977771208	-0,2049992303	0,2878464661	-0,1771018478	-1,0187096733	0,3826104964
YIL053W	1,5494717132	2,2662106123	1,5786639576	0,5570619749	0,0719569945	0,4665534897
YJL033W	-0,3563308367	-1,4509390786	-0,7158010198	-0,1528721904	0,1701568626	0,0700553776
YJL035C	-0,4039210944	0,0215223823	0,0331558545	0,071160356	0,2760752572	1,2509593144
YJL122W	-0,717509434	-1,8212702072	-0,8589602468	-0,7621395139	0,273563378	-0,1206219463
YJL132W	0,242414746	1,139294433	0,5808965053	0,1949036148	-0,0135746234	0,0375004863
YJR002W	-0,221738145	-1,2294967645	-0,7549948645	-0,1614753184	-0,0197876073	-0,1177771064
YJR096W	0,5309551737	1,8079918675	2,8610508519	1,9949949534	0,3358699926	0,1479827047
YKL025C	0,0556439913	1,234434995	0,6410621895	0,3595637468	0,1444205657	0,099145604
YKL029C	-0,1200194848	-1,058694126	-0,5250229637	-0,2094838631	-0,0403636874	-0,034602434
YKL120W	-0,1500111471	-1,144719887	-0,2469634508	-0,537403298	-0,0904561675	-0,1425527142
YKL124W	0,354451178	1,3204822404	1,1281215387	0,5477356181	0,0190619109	0,3447161669
YKL214C	-0,1348188155	-0,1719607414	-0,0714639168	-0,0179233167	0,069606474	-1,0042231901
YKL216W	-0,21732301	-1,0567912551	-1,2276126369	-0,3032528638	-0,1047718086	0,1397205669
YKR085C	0,0965646575	-0,1195547175	-0,4653418205	-0,0757744857	-1,695848962	-0,2009037274
YLR108C	1,2052185974	1,771223166	0,4767037523	-0,44068629	0,0596309689	0,6117005225
YLR110C	-0,005445682	-1,2152809891	-0,6888833535	-0,0810048322	0,1879282366	-0,2039865917
YLR300W	-1,1045109344	-0,9176292971	-0,0975921654	0,513609766	0,9112502003	0,6348298041
YLR304C	-0,3409283668	0,461027527	1,0020484899	0,691950171	-0,3220023223	-0,1468577679
YLR392C	0,3137347438	1,2285452845	0,4144591425	-0,2609305898	0,0270148634	0,0447660794
YLR394W	-0,0184100037	0,2072521808	0,3026602959	-1,1216531012	0,0161163332	-0,3313509326
YMR110C	0,5243676721	1,8182338841	1,2780171156	0,8471403531	-0,5338801483	-0,1673946781
YMR213W	-0,1442970111	0,0667803184	0,0409534469	-1,299981063	0,0375024353	-0,2404965215
YMR215W	-0,1058144227	-0,5939124745	-2,1767792449	-0,4960683965	0,3231135878	-0,0573051973
YMR217W	-0,5237049717	-1,4158409815	-1,6704892555	-0,2355230246	0,2027150037	-0,2487791809
YNL093W	0,0030009492	0,7266953291	1,1508143098	0,2294347798	-0,6627945475	-0,5406875879
YNL097C	0,1846932702	0,2611036534	-0,4393458217	-0,0111313455	-1,1300822399	-0,1479031573
YNL193W	0,1501961525	1,0780660553	0,739352748	0,2615821118	-0,0776085206	0,044872836
YOL154W	0,1806299358	0,2955510228	-1,6707567009	0,1773815193	-0,0186381957	0,0761196474
YOR178C	-0,164373773	0,7738846931	0,2992512434	1,5260158887	0,3884332109	0,3616454777
YOR284W	0,0891293577	0,2832566009	-2,5562118752	-0,1838800559	-0,0219387897	-0,1046265051
YOR372C	-0,0307978073	0,2552370367	-1,3135203092	0,0802432868	-0,003676832	-0,0945013752
YOR374W	0,3185667514	2,2637105196	1,0150631445	0,1214470596	-0,4998427205	0,0009716772
YMR128W	-1,0388923648	-1,1103270524	-0,9022304122	-0,172165578	0,0957518879	0,0388916976
YMR142C	-0,3494607571	-1,1102710763	-0,4366517402	-0,1997269566	0,1256833752	0,0957374459
YDL019C	0,14214405	0,0540745525	-1,269441307	-0,0333374283	0,0354951278	-0,0080272321
YBL020W	0,0890218449	-0,0090266758	-0,2374226284	0,0078527257	0,1197456925	-2,5801417225
YBR001C	0,3050318505	0,6357913831	1,0993193055	0,0394265215	0,0118957989	0,3455901683
YBR093C	-0,3613231328	-0,935135438	-1,5083213395	-0,891872808	-0,5994858731	-0,2396584869
YCLX02C	-0,8293126708	-2,0561526028	-0,4975409884	-0,5849282328	0,1092256865	-0,1290806164
YDL055C	0,0703678123	-1,3001017301	-1,1852474926	-0,1389176379	0,2916630282	0,231113793
YDL147W	-0,2214723419	0,6137558501	1,2082161403	0,4588214587	-0,4763235679	-0,276005847
YDL153C	-0,6943584233	-1,8337396607	-0,6555214508	-0,0452212578	0,159404718	-0,0908726458
YDR091C	-0,5840033291	-1,1563612983	-0,5465197443	-0,230688339	0,067678593	0,0936444565
YDR097C	-0,2629611104	-0,9451701194	-1,199339407	-0,0993280661	0,3979937866	0,0760427608
YDR379W	0,3392082937	1,070898643	0,6064682631	0,0856729727	-0,0506198875	0,2893780498
YER050C	-2,1498668004	0,1732771921	0,4226920456	-0,0077360902	-0,1631751608	0,1766796543
YER142C	0,1038391991	0,8155095272	1,5529111781	0,3982082024	-0,3612109182	0,0487083828
YGL111W	-1,9847320827	-1,068089581	-0,5186650437	-0,2737995498	0,1088272075	0,3434755239
YGR042W	0,29076878	1,4000816552	1,8885108243	1,463117684	0,9611456982	0,9948522986
YGR130C	0,8260748845	1,1452354974	0,6581183317	0,2120461147	-0,391514673	0,0189015434
YGR132C	-0,0941661572	0,6454310381	1,0281788422	0,5385658704	0,2260215597	0,4717117205
YGR234W	0,0048048889	-0,5259936932	-1,991889838	-1,5741845184	-0,8664383602	0,0024059008
YHL036W	-0,0453677703	0,7625172115	1,1220212812	0,6203069318	0,3146896879	0,1908513414
YHR071W	0,4205368953	0,9639086647	1,0824843419	0,6543258902	0,5092289718	0,9589765002
YHR171W	0,0959928449	1,2352286565	0,9608025692	0,4005909021	-0,2235585177	0,2951489388
YJL111W	-0,3103322433	-2,9554392161	0,0255587409	-0,0855701359	-0,1152662294	-0,1255609326
YJL113W	0,1772632953	-0,1931001426	-0,2464616923	0,1022835613	0,0808171734	-1,0266627822
YJL213W	-0,1326413587	1,1115021062	0,7572399113	0,7127908274	0,2128264866	0,0137069273
YJL217W	0,2537015	-0,1192632083	-1,2308944995	-0,1320869277	-0,609544247	0,2820128591
YKL109W	-0,3946844322	-0,5334195888	-1,4206694223	2,4119569731	-0,6709220815	-0,7032123694
YKR076W	0,0815665202	0,6038101215	1,3330868936	0,7175963304	0,5677269099	0,7977575673
YKR080W	-0,29062477	-0,2311318549	1,4179492203	0,6619429204	0,0986748389	0,0426784462
YLR003C	-0,7721831043	-1,5096260168	-0,2112565504	-0,3305422859	0,0009483508	-0,3919550754
YLR197W	0,0036344821	-1,0665164472	-1,1401181393	0,0359950868	-0,0965388087	-0,0543505275
YML020W	-0,1914875991	-3,0455702935	0,2123532777	-0,0076796177	0,0297681867	0,3605896509
YML123C	-1,6706113185	-2,0945528148	-0,1701280897	-0,7110765241	0,3148937386	0,1819140972
YML128C	0,6211783907	3,1508904749	4,3347089279	3,8178498043	0,6732182336	0,2700049818
YMR105C	0,9254845267	2,7017288459	2,9496818652	3,5844609589	0,2110141494	0,501991486
YMR307W	-0,8156438495	-1,5924506546	-0,7887806146	0,249476365	0,7508981684	0,2897450573
YMR309C	-0,8630203228	-1,0761081788	-0,2770875238	-0,4234405532	-0,0340249169	-0,0703427209
YMR315W	0,5372989617	1,376245013	2,0662874376	2,0242165618	0,261754437	-0,0633952135
YNL174W	-0,2279078541	-1,5469024782	-0,9315783447	-0,005291737	0,2932439337	0,0781152219
YNL178W	-0,3579871177	-1,0687476232	-0,8638632652	0,0357342717	0,3212251461	-0,1268559501
YNL182C	-1,4315465578	-1,8601976352	-0,8551488123	-0,6593946718	-0,0419992322	-0,1849899422
YNL274C	-0,0340569746	1,0848395427	1,7738222638	1,8195580658	0,2363435463	0,2486409753
YOL151W	1,6119360531	3,8433668321	4,0210281455	2,3113070687	1,2154408129	1,4995112272
YOR173W	-0,1702374808	-1,291858046	-0,0781058253	0,0423421519	0,0305115149	-0,2534307161
YOR267C	0,4809247382	0,755451336	0,7385220707	1,1539003195	-0,0587148376	-0,5088955171
YOR369C	-0,4562390862	-1,1167249819	-0,7388593308	-0,1593114651	0,2253289394	-0,0633378257
YPL061W	0,7926726212	1,7852069339	-0,1957189294	-0,939098371	-1,1087538188	0,0208409722
YPL159C	0,1326633546	1,1315896982	0,8000275443	0,3410159704	0,0950790717	0,2345987179
YPL163C	-0,4958877083	-1,0262888313	0,2531286718	0,7480343506	0,644563424	0,0630599235
YPL165C	-0,2764188407	0,9528223791	1,0821025042	0,5994905922	-0,5853405681	0,0713449685
YML026C	-0,0241920917	-0,799783823	-1,0107813084	0,0287898168	-0,0369158693	0,1059912539
YCL001W	0,0703688602	-1,5063542199	-0,9239666393	-0,0821041937	-1,0657179757	-0,084360225
YBL028C	-1,0634138899	-2,7780986295	-0,5391773568	-0,2362141527	0,0181192454	0,0070111231
YBR009C	-0,9803863385	-0,5461359748	-0,9892946144	-1,0711209115	-0,1407331231	-0,3427616477
YBR105C	0,6047133572	0,748474873	0,839096074	1,2622303351	0,233599829	0,2157719826
YBR204C	0,0724331452	1,1205041292	0,9577076477	0,2198628262	-0,1515306725	0,0102908916
YBR294W	0,0524738939	1,0913002529	-2,791560408	0,0084489349	-0,3106513041	0,289524105
YBR298C	0,3588573437	1,379378167	-0,1360347017	1,3754954703	0,0144874356	0,3751172089
YCR010C	0,1722287776	1,3143480606	0,1611083299	-0,0381460701	0,1380382397	0,4126767101
YDL063C	-1,0007111147	-3,5206544019	-0,7793614893	-0,2081700675	-0,0163333688	0,0220524208
YDL163W	-0,0753019707	0,1728893312	-4,3740790806	0,0162356564	-0,1927201887	0,2984779583
YDL167C	-0,7723422025	-2,4279332685	-0,3891903172	-0,5189307961	0,1623441929	0,0064990192
YDR203W	0,090978996	1,084089318	0,4737242694	0,0932862633	-0,2200235029	-0,0518921885
YDR297W	-0,0761641725	-0,7931185682	-3,1562200418	0,6078239043	0,1350800616	0,1354224657
YDR299W	-0,9074842561	-2,7651490156	-1,0069226713	-0,4528012201	0,0695253524	0,2158940735
YDR305C	0,1829704921	1,2755031946	0,5361701867	0,2642961951	0,1548558947	-0,0358774537
YDR391C	0,5378696302	2,547753646	2,1827483005	1,7392282872	0,2149677558	-0,06172538
YDR395W	-0,7651374767	-1,7559770921	-0,3498224234	-0,3390794645	0,0564380953	-0,1532901998
YDR397C	-0,3266669697	-1,3793099955	-0,6047411219	-0,4703032777	-0,1069893493	0,0567149047
YDR399W	-1,6135241733	-3,3716999832	-0,1968158832	-0,0257017904	-0,0978174231	-0,2891673931
YDR491C	-0,553211064	-1,41111519	-0,8899466142	-0,2168471392	-0,0504136446	0,0403620799
YEL039C	0,5088817442	1,8248403164	1,0566480114	0,6928366784	0,0606427574	0,0239253107
YER0561C	-0,2310843645	-1,196188311	-0,739767157	0,0154851504	0,1287015011	0,1833865337
YER150W	1,3337312732	3,6642621318	2,9701137253	2,5034190256	0,8322853846	0,8290335243
YER156C	-0,3369502766	-1,3592896813	-0,7206105341	-0,0318885145	-0,0627896966	0,1705105229
YER158C	-0,334535063	-0,2967924129	0,5737332266	1,0265439255	0,1864491174	0,5921562974
YGL021W	-0,6474189806	-1,3655882525	-0,6505999346	0,0068020023	0,2971292473	0,2600570245
YGL029W	-0,7113728231	-2,9658430984	-0,4765244983	-0,4549995907	-0,1306357807	-0,250669542
YGL031C	-0,3287425813	-1,4587087078	-1,1493926229	-0,365183173	-0,0073589711	-0,113223762
YGL119W	0,2229479023	0,8361837752	0,9001386939	-0,1401340088	-2,0347532462	0,3014524766
YGL121C	0,0293315932	0,9311650683	1,7330506814	1,2080824213	0,0146387334	0,4112397013
YGL123W	-0,7257551029	-1,6787041007	-1,0872126727	-0,3600879145	-0,0754971544	-0,1007014823
YGL125W	0,2024126057	1,825096243	-0,0918578511	-0,1288939763	-0,2372308363	0,0182494479
YGR046W	0,7276820779	1,5456555064	0,3794802071	0,3308716494	0,0398079393	0,3126121885
YGR048W	0,5013680255	1,0258040499	1,1468079827	0,0480910377	-0,3762946957	-0,225880573
YGR052W	4,2997077065	5,7957706645	2,8259631663	2,2815739661	-0,0848601795	0,1316037009
YGR142W	2,1989249358	2,9593648768	0,9244538441	0,7963107509	-1,0329953341	-1,214948903
YGR148C	-0,3254382956	-1,5889844741	-1,3623666708	-0,424768585	-0,0270931104	-0,2465992621
YGR238C	0,1470431893	1,2845996842	0,3280699539	-0,0159255629	-2,2885253654	0,0639494375
YGR248W	0,5500205629	2,6006718694	2,9183525075	1,9343327129	0,3859518405	0,3866134209
YHL044W	0,0978595571	1,3322583832	1,3787080667	0,6269329555	0,2214375325	0,4213733956
YHR088W	-0,1524110406	-1,6437889366	-0,8433216976	-0,1400512773	0,289515099	0,1286230339
YHR092C	1,477926171	1,0896277053	-0,4630513242	1,4765557089	0,014885769	0,1719368616
YHR177W	0,1249711052	-1,1762930888	0,3888078311	0,1240579419	-0,0378852648	0,4948942577
YHR179W	-0,046315767	-0,5461364782	-1,0023544882	-0,5331916823	-0,5537260941	-0,5255094183
YIL056W	1,2439709068	2,5153786099	0,2534299531	-0,0690181429	-0,2161923114	0,1866977089
YJL127C	-0,025971414	0,1182579731	0,0355176932	0,0380100325	-0,6060498726	-3,6232563546
YJR091C	0,2472412151	1,5233584936	0,8277859992	0,5212179837	0,0013165405	0,1256626881
YJR095W	0,1572906892	1,063166921	0,5138679748	0,3150188384	0,4424545509	0,4183325087
YJR097W	-0,1886743706	-1,2187550906	-0,1193447865	-0,1781003106	0,4330072494	0,2913011054
YKL026C	0,1810012695	1,2132263741	1,616009082	1,5944838408	0,0888745435	0,2659866787
YKL030W	-0,9288546556	-2,4918339025	-0,8536998778	-0,5413297467	-0,3365110678	-0,4129610398
YKL034W	0,2476461663	1,348610298	0,7634940389	0,4189608174	0,2659343494	0,4608281927
YKL121W	0,3455381619	1,5962573034	0,8283791564	0,3053991098	-0,4991109965	-0,3757608029
YKL123W	-0,098219437	1,3129791327	0,4040975556	0,0370860621	-0,1931883595	-0,3380604283
YKL127W	0,1390753457	1,0681639595	0,0339850302	0,0581835457	-0,3217240662	-0,3421143769
YKL129C	0,1982352036	1,0572327874	0,8420271978	0,1536558246	-0,2023312407	-0,1367945174
YKR092C	-0,5758311253	-1,9061022008	-1,1393220543	-0,5694914004	-0,1982174404	-0,2653205097
YKR094C	-0,144842954	-1,0794108132	-0,8060264108	-0,2156514569	0,0027210529	0,0435756944
YLR009W	-1,2013876283	-2,7014266009	-0,8292972797	-0,3848756274	-0,0109417932	-0,1145398346
YLR303W	-0,1012445978	-0,9299330094	-1,8369660801	-0,2337616308	1,0676363613	-0,4477748795
YLR401C	-0,5883571577	-1,4183295408	-0,3448132233	-1,5765797085	0,2827970052	-0,0327056969
YML029W	0,1631604275	0,3824742054	0,1091897132	0,1052912979	-0,6254721371	-1,7188820978
YMR011W	-0,1308144208	-0,1118439645	-2,6827693469	-0,3837707225	-0,6287796042	-0,1891570644
YMR218C	-1,4690878328	-0,5478269011	-0,0232085872	-0,3251140617	0,0609864531	-0,0963168948
YMR222C	-0,2710408726	-0,0788648891	0,0897736812	-1,7648129325	0,0908052595	-0,3419979903
YNL002C	-1,332344971	-3,4356337796	-0,9036945604	-0,3736284268	-0,0885990691	0,0080051952
YNL096C	-0,0664822599	-1,6551747696	-0,7838984058	-0,1402044781	-0,1174011845	-0,0750976998
YNL186W	-0,4410754349	-1,4925458725	-0,5589337	-0,1958999667	0,0336612747	0,0544256744
YNL188W	-0,992414004	-1,2651557876	-0,8835425287	-0,6144954428	-0,2127242239	-0,0961973728
YNL192W	0,0889551162	1,5281424668	0,1332021955	0,0543422088	0,0915950181	0,4756656482
YNL196C	0,0244576283	1,3419463099	0,71388535	-0,017150271	0,1083623082	0,3951114821
YOL067C	-0,0330403952	0,0919207433	-1,2951922589	-0,0607886345	-0,430104895	-0,002753584
YOL153C	0,2063300575	1,3607093426	-0,0703610017	0,7121891642	0,2760252034	0,5601543176
YOR091W	-0,1715769887	-1,1765121352	-0,3433333942	-0,5582599367	0,0791260331	-0,2480967054
YOR181W	0,1076606972	0,3745673709	1,7869229087	0,3590049345	0,2994325941	0,0386479683
YOR275C	0,5366045386	1,1466045679	0,6011116608	0,2009175408	-0,1432540439	-0,1832161731
YOR279C	0,1024550198	-0,247939299	0,0021214855	0,090528216	-0,2297250289	-1,7231173984
YOR285W	0,4328468257	1,4882711361	1,2078319219	0,7367158356	0,0162722425	-0,1297386853
YPL079W	-0,257508684	-1,5472617003	0,3079119921	-0,1057249813	0,0447649442	0,0046547752
YPL081W	-0,3452204602	-1,2697437141	-0,7215603159	-0,1550828313	0,1249379559	0,2038738553
YPL265W	-0,3130133987	1,027371207	0,1809815856	-0,6726704323	-1,2435297427	0,0646855023
YPL267W	-0,6079811512	-1,1666454765	-0,8985280509	0,0155934735	0,1753724715	0,1052140125
YPL275W	0,0737258379	0,1941145215	-1,7315093905	0,0220332724	0,1033845734	0,3372516045
YPR184W	-0,0208520887	0,793524672	1,1356230848	0,0316603928	0,4169801031	-0,0400591226
YGR292W	0,2929505556	1,2566350753	0,3452053169	-0,1072517333	0,2821156946	0,4534621227
YHR007C	-0,8594698301	-1,5234002935	-1,0156257304	-0,7737220973	-0,0725574662	-0,1856106319
YDR247W	0,6943951525	1,9359177826	0,4657922823	1,6095122514	0,0646459246	-0,0440162372
YMR116C	-0,0978628553	-1,3559996656	-1,4674015812	-0,9674561899	-0,4325118559	0,1611868785
YMR251W	1,2637205627	2,5106773772	2,7415930684	1,4351341509	0,5906019661	0,1929448294
YMR143W	-0,0771345861	-1,3041257847	-0,9718011367	0,0853019062	0,1472026448	0,0359337565
YDL031W	-0,6818745708	-1,6704602455	-0,5908973328	-0,1695616963	0,149003846	0,1070530406
YAL061W	0,6485236708	1,4284315253	0,1362728604	0,1456333962	-0,5993045606	-0,3651408363
YBL039C	-0,8947255362	-3,2914928892	-1,1402535165	-0,3389384234	-0,1037625202	-0,2340496327
YBR018C	0,6143410843	1,7588700525	0,8457454108	0,0483739854	-0,2660202901	-0,1524597169
YBR026C	0,2238404299	0,3080842182	1,0716830005	0,9151716738	-0,0026447813	-0,1214464425
YBR116C	0,9522118857	2,6946461128	2,913062871	1,9897281181	0,1825606118	0,0599832266
YCRX07W	-0,0183238317	-0,5895016012	-0,1333209869	-1,4211172091	0,1617841055	-0,892315351
YDR018C	0,3607776735	1,0208958796	0,8820385227	0,1205021366	-0,1742728378	-0,3948389122
YDR120C	-0,6949658128	-2,1896475074	-0,9215029184	-0,2098057119	0,0962460935	0,2717241839
YDR306C	0,4363519965	1,1861343074	0,5150645378	0,3766420693	-0,1036297556	-0,1782329197
YDR312W	-0,8069100029	-2,345457833	-0,0107255454	-0,2708915572	0,2819160837	0,2651550635
YDR412W	-0,7750382654	-1,2075258079	-0,3983876261	-0,0647235986	0,031004094	-0,0370110894
YDR502C	-1,0058599419	-0,4324578986	-0,6983939307	0,082227811	1,0393191385	-0,1256452277
YEL054C	-0,2821578322	-1,3472290295	-0,5323270198	-0,0655815628	0,0521985093	-0,0659692359
YER066W	0,409257113	1,1089292473	0,0817116768	0,1911941617	-0,2717352401	0,0959220693
YER070W	-0,8190117436	-1,8821379702	-1,00374963	-0,1579732904	0,7044903121	0,3246736454
YER159C	-0,1290986158	-1,0491833055	-0,6353303906	0,0335878085	-0,2799657956	-0,7197989902
YER165W	-0,0239188821	-1,047248042	-0,9335024941	-0,0309446134	0,0710217363	0,1707797432
YGL032C	-0,2196413859	-1,5424706716	-0,9603582755	-0,6322003465	-0,5287070535	-0,2602094351
YGR067C	0,1567912319	1,7922678073	0,0076781629	-0,3092185427	0,4971962749	0,402165586
YGR161C	0,4144071338	1,9059405809	0,1873023875	-0,1294471681	-0,3688864851	-0,2646066343
YGR249W	0,2811170844	1,3081310857	-0,0721479437	1,5653542146	0,3152661701	0,4038546523
YHR097C	0,4503760306	1,4175780609	1,3042867485	0,4900228601	-0,1217315393	-0,3305727315
YHR190W	-1,7409898366	0,7130046765	0,7933656788	0,2653918204	-0,1976361435	-0,3983216775
YHR192W	-0,4175662931	-0,1800469194	0,0608650905	-0,3894017237	-0,4524173891	-2,2764989969
YHR196W	-0,6518259997	-2,0567599702	-0,0101957499	-0,4240745266	0,1095441625	-0,0508052541
YJL144W	0,3117308095	0,3499343548	0,3031611012	-0,0505942699	-0,1912202972	-1,0252545161
YJR008W	0,7755814781	2,2393297698	1,7609434821	1,3493656197	-0,3677283435	0,1462900813
YJR110W	0,2552043189	1,1144242883	0,1466411103	0,2458881013	-0,0287191065	0,0733918909
YKL035W	0,9406488647	2,3258992018	2,3610809036	1,724208721	0,2963584799	0,4312500175
YKL132C	-1,8459484525	0,1348582252	-0,1277977227	-0,0828077596	-0,0118108126	-0,1489121057
YKL136W	-0,3045706436	0,2196276514	0,2760829034	-0,0234352495	-3,168828888	-0,3622520169
YKR005C	-0,176889499	0,6883959625	0,2033331617	0,3809772434	-1,4050074442	-0,0896154306
YKR011C	1,1200812394	2,7268915985	2,1409207046	0,8170386229	-0,3086559783	0,1794836789
YLR214W	-1,09683228	-2,1863402709	-0,6190170563	-0,8722586249	-0,0349680383	0,26064931
YLR222C	-1,4387357202	-2,1063650933	-0,4021421178	-0,4528950001	0,0387715397	0,0956431158
YLR312C	0,6174019318	2,0851380045	1,0113929735	1,8558136292	0,3635903584	0,6237859008
YMR014W	-1,0257558006	-2,429963567	-0,1400980985	-0,4020567662	0,1496336793	-0,0690475063
YMR133W	-0,0254453196	1,0864805372	0,6960541766	0,6228764646	-0,0635353417	0,342836672
YNL009W	0,435047634	1,070589314	0,3052949947	0,2364618151	-0,0107506009	-0,1848161774
YNL011C	0,6975423973	1,40630041	0,4145956284	0,1242527877	-0,2077599746	-0,0549825913
YNL013C	-0,1077900153	-1,4082236829	-0,3589878723	-0,0738464061	0,3398338259	-0,1853875641
YNL301C	-0,2178067889	-1,1849229789	-0,7433391593	-0,0277419769	0,1530819396	0,3647740438
YNL303W	-0,3737004618	-1,0307831312	-1,0139454366	-0,3573463923	-0,2956834027	-0,8845764628
YNR054C	-0,2885414666	-1,6009733715	-0,6708015408	-0,3112644426	-0,0108953678	-0,2073477544
YNR060W	0,3163978724	1,1589713187	0,0863056626	0,0105335285	-0,1793026629	0,0404173567
YOR004W	-0,5256136989	-2,0871805216	-1,3765268369	-0,3254290409	0,0769916685	-0,09343939
YOR288C	0,3039905901	1,009894818	0,4108749458	0,5097812571	-0,0658790589	0,1172589941
YPL090C	-0,0636613715	-1,3458534046	-1,2317627305	-0,3076234489	0,0086316264	0,0336377564
YPL094C	-0,0032234088	-1,0125290891	-0,6885073697	-0,2715818339	-0,1912609029	-0,5826257067
YPR187W	-0,5449279279	-1,0609365288	-0,6359283526	-0,1507194004	-0,0093884414	0,00316186
YDL110C	0,1334695652	0,8753771123	0,5980964056	0,4552655303	-0,0047440299	-1,3407066471
YJR094W-A	-0,3014735637	-1,0838598372	-0,6297651421	-0,1396619671	0,1578946002	0,0100314179
YHR005C-A	-0,7028219763	-1,117196813	-0,2240880953	-0,0692307842	-0,1409982471	-0,1133705374
YMR032W	0,0343379642	0,2552469494	-1,3425091622	0,0120091804	0,0641771415	0,0161271482
YBR034C	-0,806398143	-1,7534669041	-0,2836569734	-0,2994896632	0,3251499467	-0,1230565531
YBR126C	-0,1281359479	1,7899968835	-0,1213930059	0,8471127808	0,0159833216	-0,0510860745
YBR132C	-0,0225876017	1,1278480965	0,7281844124	0,284320336	-0,1972621232	0,2649606545
YCL016C	0,0329996638	0,2843892025	-3,3131155197	0,01445875	-0,0790849988	0,3374125707
YCL022C	-0,0533649308	-0,3504474272	-1,6660536999	-0,1560528286	-0,0163471256	-0,0821031778
YCR025C	-2,6494201103	0,2235728266	-0,0008410194	-0,0218559386	0,2590601633	0,0954821502
YDL090C	-1,3362103439	0,4393923371	0,2346727235	0,3511582315	0,4178456719	0,0150029178
YDR128W	-0,1532012673	-0,0460851823	-1,0271858989	-0,0398358211	0,0230260376	-0,1662224231
YDR324C	-0,7090893905	-2,1164395765	-0,7637197311	-0,3444929025	-0,1189097415	-0,0989959244
YDR418W	-0,2325833359	-1,384656485	-0,661862474	-0,0150371401	0,3336672174	-0,0930415231
YDR516C	0,796334061	2,3696831783	0,0718156898	0,9565038828	0,1162219784	0,0737762142
YER082C	-0,2957036859	-1,2188717898	-0,7024486029	-0,3583563083	0,2656854782	-0,3126146077
YER086W	-0,3503004463	-1,0839493412	-0,5341462358	0,0763551819	0,2275569169	0,0606636448
YFR010W	0,1846760854	0,9372385954	1,040065131	0,121820379	-0,265079447	-0,1686803999
YFR014C	0,0763806846	1,0490773011	0,5703193255	0,5144577691	-0,1016826828	0,2709378334
YGL048C	0,1987244351	0,5385497722	1,2166955255	0,5146940636	0,0685228854	-0,1268735989
YGL148W	-0,2904898624	-1,8751625473	-1,3418667695	-0,609943585	0,1424807032	-0,5157167274
YGR173W	-0,1672454878	-0,4137595435	-0,2382498907	-0,0293915148	0,0015565781	-1,162345423
YGR261C	-0,1407463515	0,1048641919	0,3558718526	0,3349747799	-0,2426632287	-2,3672403475
YHR017W	0,110923026	1,0282525839	0,5485058859	0,4204149866	0,2036579405	0,0566001851
YHR107C	-0,3476634889	-1,0667519378	-0,2597593306	-0,400153545	0,1051109743	-0,0102645584
YIL086C	-0,1688022591	-0,0889913001	-0,0415801167	-0,0502428808	0,4958391793	1,8544048806
YJL148W	-0,4901183967	-2,4598539621	-0,442744605	-0,2508073261	0,0115912431	-0,1145429646
YJR025C	0,2312682392	0,7977246927	1,101309672	0,8582046439	-0,0805578021	0,2470141762
YJR124C	-0,3559154449	-1,2620936171	-0,3933453384	-0,3198161725	0,1381657963	0,0497869098
YKL142W	0,7567077694	1,8327579352	1,903166814	1,0578928869	0,1249367411	-0,0839444538
YKL144C	-0,1384292403	-1,2393604871	-0,3155940686	-0,0840412578	-0,2375848208	-0,0374700037
YLL011W	-0,632231149	-1,3338263269	-0,3667777649	-0,5641723258	0,2044221584	0,1094721879
YLR042C	0,8620931539	2,6489743844	1,9366846273	1,0192480664	0,0110012553	0,8033777825
YML063W	-0,0073571357	-1,1059569889	-0,5440663034	0,0113092055	-0,2876899804	0,0997780516
YMR030W	0,0461272474	1,0579202036	0,6052251807	0,2306885134	0,4158814191	0,2187427417
YMR037C	0,4648114242	1,1307690117	0,0161974693	0,155715276	0,0965262509	0,2298695137
YMR121C	-0,3403487183	-1,4327936479	-0,965793443	-0,1081925491	0,0500620502	0,3022211085
YMR125W	-0,7857781282	-1,1480922854	-0,3976827152	-0,2524665224	-0,0413820577	0,0784486105
YMR131C	-0,4326530885	-1,6121762173	-0,4264885466	0,0069165398	0,0738589956	0,0515451706
YMR239C	-0,5913014526	-1,7520917625	-0,3826733797	-0,5379799434	-0,0999053557	-0,2028167813
YNL113W	-0,7026360964	-1,2676267186	-0,4759450209	-0,2232710779	-0,1462994094	0,1264596338
YNL119W	-0,4097866846	-1,6428438122	-0,6775477263	-0,4313243386	-0,294747005	-0,2546908819
YNL123W	-0,6295496642	-1,0059812905	-0,1133820239	-0,2272357728	0,2992230298	0,0515314775
YNL209W	-0,2037989413	-1,2360329346	-1,3012611199	-0,2290695841	0,2523749727	-0,015634879
YNL313C	-0,286192357	-1,4640164992	-0,7118283268	-0,4079614173	0,1721989809	0,228460607
YNR070W	0,1868846346	-0,1225054772	-1,2011351548	0,2129046158	0,1050505627	0,3072490663
YOL080C	-0,682619018	-1,2405166334	-0,390967479	-0,2815693044	-0,3095835404	-0,1090552621
YOL082W	0,2914392107	1,192602861	1,4616557837	0,4407402045	-0,1622890932	0,3991305552
YOL084W	0,4014722947	1,5566598682	1,5001649541	0,2375390533	-0,0222882018	0,4667757086
YOR018W	-0,0908622081	1,0492484734	0,592625735	0,2423920624	-0,2070836634	0,4684076389
YOR108W	-0,0331789791	-0,7797363482	-1,05399065	-0,175988875	0,0241171077	0,1851046956
YOR206W	-0,7521067428	-3,0358273587	-0,7266010309	-0,3134443798	-0,11034434	0,0819989138
YOR208W	0,4554108596	1,5020061994	0,887804933	0,295452249	-0,037861183	0,1037999184
YOR298W	1,0165690803	1,2120285779	-0,0467151492	-0,057997592	0,0362195973	-0,2614601621
YOR394W	0,1758717924	-0,6323023284	-1,5401879882	-0,0617149568	-0,0932095463	-0,574433111
YPL004C	0,3634648219	0,9334189645	1,04263835	0,7671630593	-0,1831697331	-0,0959785709
YPL106C	0,4370685871	0,0087474946	0,248150116	0,3892176454	-3,0769692176	-0,3833188111
YPL196W	0,2256277444	1,0617806126	0,9911037247	0,5938379618	0,2120991878	-0,0513253705
YPR005C	0,4216530868	1,1953131368	0,0124765266	0,1918475247	-0,1232342241	0,4704045093
YPR015C	0,0583971005	-0,259083315	0,1109148524	0,0659605582	1,3713845021	0,1270094596
YPR199C	0,6312005147	1,0154546466	0,7120290513	0,4050132243	0,1162617011	-0,0280608476
YFL034C-A	-0,2498286971	-1,2422692709	-0,1348457149	-0,1967113944	-0,1871856037	0,0445553355
YIL173W	-0,0020884559	-0,2325265269	-0,4736249612	-0,0369188467	1,8788554473	0,0246685418
YJR029W	0,1967712677	-0,023956051	0,6559008985	0,5068212476	1,1467615801	0,1455176379
YEL055C	-0,1883760815	-1,7048002367	-0,5000687006	-0,2917433644	0,3711586178	-0,1504177497
YBR119W	0,4971754814	1,0648673979	0,4903170864	0,5871111648	-0,1058068973	-0,0088994444
YBR212W	0,4461173061	1,3004936608	0,5691157979	0,1813167046	0,0594997931	-0,1692407644
YCR016W	-0,7751138526	-1,3792333983	-0,1513871409	-0,2322613062	-0,0288681136	-0,1482696878
YCR021C	0,0807180121	-0,2481255604	-0,309629828	2,1402183298	-0,00693182	-0,7625317794
YCR107W	0,0624965339	0,0278090908	-0,0690446585	-0,4750895137	-0,0285091904	-1,7100198914
YCRX04W	-0,449862838	-0,4168271617	0,1077201144	0,0162244362	0,0759833958	-1,3761779952
YDL075W	0,0535402379	-1,0945591493	-0,711506144	-0,092583259	-0,0028568363	0,002957512
YDL077C	0,0514931344	0,1843430962	-0,2772417716	-0,1086342088	-0,066293009	-1,1391476935
YDL079C	0,0079771089	1,0589478947	-0,121490376	-0,0563530842	0,071621443	0,0522640749
YDL081C	0,111093887	-1,4422600064	-0,7978947295	-0,2446397974	-0,029471928	-0,4745712321
YDL083C	-0,0573360535	-1,0921030929	-0,5946527396	0,0550662966	0,0087307812	-0,058469358
YDR019C	0,0031647605	-0,6499986274	1,0029067478	0,1522219852	0,4590480581	0,3848116462
YDR021W	-0,6560507989	-1,2257816189	-0,4141361062	-0,2847002118	0,0739201932	-0,1652115426
YDR213W	0,0022936096	0,2736439382	-0,0241549456	-0,166982233	-0,0366316455	-1,0624682254
YDR403W	0,6468250142	1,1914590031	0,5079874998	0,2690486713	0,2540551354	0,5317750952
YDR413C	-0,1183678454	-1,2311906733	-0,3496061963	0,0017684542	0,1930574363	0,0048131595
YDR501W	1,4995714726	1,3240046248	-0,5463768237	0,2280588041	0,1485636544	0,2793093496
YDR505C	0,2004899445	1,5072851954	1,0960406465	0,4562054674	0,0415175217	0,0393877261
YEL049W	1,0030755236	2,1540893046	1,3978621196	0,4917218772	0,4213910122	1,3958525478
YER067W	1,7850603737	3,8077403629	1,5236902129	3,5474693223	-0,0103250297	0,1562454704
YFL065C	0,0151572078	0,0846076111	-1,388880687	0,0501754438	0,1234539116	0,1153590372
YFL067W	0,1995293182	0,1707058229	-1,0850570253	0,1243442714	0,1306879164	-0,1009804525
YFR001W	-0,4208700856	-1,3061253318	-0,3988095602	-0,0201509224	0,1970458794	-0,1019281696
YGL037C	1,6229666204	2,7558523688	2,1754334419	1,4927456321	0,0123362335	0,3103508892
YGL229C	1,4132357107	1,8125110443	0,507453847	0,1954394626	-0,2077349816	0,006966151
YGR066C	0,9079316922	3,6089896136	1,7333735768	0,1939079394	0,1115975003	0,2963267419
YGR160W	-1,3259949329	-3,4849154646	-0,798642169	-0,7760724457	-0,4588749997	-0,3920183457
YHR004C	0,9102609685	1,6577877861	0,5019635989	0,3998009567	0,0267546342	0,2629935717
YHR010W	-0,1664029767	-1,0544537779	-0,3250749718	0,1510326037	0,095448388	0,2906785359
YHR094C	1,6134583107	2,985987112	1,3832175292	2,0465854858	0,2630968027	1,1160887509
YHR096C	0,8902267836	2,4799269372	1,6347363636	1,5971508719	0,115913435	0,8493131251
YHR104W	0,5675476133	3,5339567193	3,4854763072	2,6703415077	-0,0272148121	0,2765324125
YHR197W	-0,2771038652	-1,4743555081	-0,6499448611	-0,6638799099	0,0019962727	-0,0603754567
YKL036C	0,0682010125	0,6980244019	1,0071738784	0,4537115336	-0,1080917824	0,1791678107
YKL133C	0,2953374159	1,7292503417	0,794845209	0,3583693148	-0,1856157002	-0,1036851719
YKR098C	0,3357996978	1,3802798518	0,8972888527	0,8656826698	0,0925107847	0,3548813748
YKR104W	-1,1367730651	-1,0094593436	0,0864940257	0,0936774744	-0,2307486208	-0,0214399053
YLR023C	0,8091946256	1,3739510213	0,3362203305	-0,3249928091	0,1995503701	-0,077212597
YLR029C	-0,3179811405	-1,3798598383	-0,6834847685	-0,0673435823	-0,1144434724	0,2853918238
YLR221C	-0,6038954288	-2,0117018926	-0,6398792178	-0,1455373039	0,1704957751	0,0094800801
YLR317W	-3,3095909334	-0,2236485311	-0,9544653087	-0,4049434577	0,0969122738	-0,6656367674
YLR319C	-1,242607397	-0,8806931892	-0,2434612724	-0,1528599566	-0,2422468721	-0,0287233974
YLR409C	-0,4187584398	-1,585993457	-0,231992767	-0,1094359063	0,0514548916	0,0823017891
YLR413W	-1,0434073873	-1,2544971977	-1,422513738	-0,8612567916	-0,0355366432	-0,1788223642
YML043C	-0,3762921773	-1,599461971	-0,2591274967	-0,89424471	-0,242111238	-0,7067423099
YML053C	0,9251150902	1,3741715291	0,7779000027	0,2895107183	-0,2088793633	-0,2301497374
YMR015C	-0,4896437964	-0,0738655823	-0,1738731097	-0,389938373	-1,5713817382	0,1249860472
YMR134W	0,0314070289	0,1562846878	-0,1649590463	-0,1376607376	1,1482866941	-0,2561069391
YMR144W	-0,1921747537	-0,1854785004	-1,3688182016	-0,1213623735	-0,1166804214	-0,1374464386
YMR146C	-0,138709551	-0,7638576145	-1,0107047328	-0,0047113235	0,1090308496	-0,0983006035
YMR229C	-0,8771388004	-2,0194735355	0,4155026459	-0,235545398	-0,0801589036	-0,181170135
YNL012W	1,0263026212	1,593125093	0,2288095965	0,2220061897	-0,8103004504	0,0062591806
YNL104C	-0,0355131359	2,2106649216	-0,1940774392	0,1377049697	-0,1892353632	0,2828965466
YNL110C	-1,1182244386	-3,3593275526	-0,3416379306	-0,2598281762	-0,0311628814	-0,0858678718
YOL077C	-1,0655762908	-2,9601352509	-0,5751176278	-0,2383136394	0,0458287888	0,0510672353
YOL079W	-0,9745628056	-1,1215379888	-0,4984109946	-0,306079956	-0,0050424564	-0,1480649373
YOR001W	-0,2923861462	-1,4152625428	-0,3916442732	-0,1024059936	-0,3621011228	0,0797367228
YOR095C	-0,4451581017	-1,7651501988	-0,7224369804	-0,0482939642	0,1152507721	0,0344418175
YOR101W	-0,1272704301	-1,2808573242	-0,3428038546	0,2379640272	0,0669455987	0,1701226286
YOR287C	-0,4512965944	-1,1833293723	-0,691455366	0,2914967024	0,0054353943	0,1132540318
YOR289W	0,4615569279	1,588611382	2,1610173246	1,5380056717	0,1561807447	0,3392937854
YPL183C	-0,2530702477	-1,5920512441	-0,4448550658	-0,4788843637	0,0305341106	-0,0971796502
YHR037W	0,114754342	1,3152368255	1,3792805319	0,6927373896	-0,1578151059	0,5152346014
YMR006C	-0,0889237291	-0,436117331	-1,1372132136	-0,3102553324	0,2830816176	-0,1957474137
YHR021W-A	0,6978356334	1,9348833048	1,8674241721	0,7312691203	-0,0784856939	0,4798910963
YHR079C-A	0,0918095627	-0,1812153725	-0,1117000042	0,0290230225	0,2625906354	-5,3527102939
YMR173W-A	1,0266539185	2,542787316	2,6263074765	3,1260562606	-0,5052613073	0,6835851006
YMR251W-A	1,0085573925	1,0708833557	1,4576272549	2,0947974298	-0,1787816738	0,2570116098
YBL042C	-0,5518795764	-1,7083146698	-0,4512644424	-0,3648921609	-0,1134354341	0,3212220103
YBR019C	-0,1126547202	0,2112689698	-1,3386392266	-0,138218725	0,0410884323	0,1017737624
YBL054W	-0,0248528264	-0,3716385509	-0,3238259379	0,0268357876	0,2059971803	-1,9951403574
YBL062W	-0,6141202886	-1,1710869313	-0,2927571511	-0,319641296	-0,1978967773	-0,4739614006
YBR031W	-0,2682725185	-1,6058770001	-1,0110995329	-0,1251712771	-0,0402881668	-0,296247345
YBR230C	0,6015817018	1,8852066483	1,6973033764	0,2966503156	0,2484324495	0,8448288516
YCR031C	0,0266972545	-1,0934903757	-0,5690737735	-0,2777725897	0,1590397572	-0,2361006853
YDL095W	-0,0301505516	1,2909624722	-0,0635999421	0,024034485	-0,0505310229	-0,1820692616
YDR223W	0,5707449041	1,8764261988	0,35567295	0,3246765067	0,2160105457	0,3748239599
YDR425W	0,4891017783	1,507972169	0,2886169137	-0,0687241279	-0,1793825515	-0,126505916
YDR513W	1,3944866935	2,5988377206	1,6176737707	1,0184556021	0,2011947063	0,4384553893
YER079W	1,5552111509	3,4044328112	2,0752031658	1,1486121412	-0,1108513327	0,2492677928
YER081W	1,2363791454	1,6150218977	0,3591570205	-0,1243898456	-0,1197635661	-0,1398116271
YER182W	0,3528448962	1,3821530799	0,6177278995	0,2847472165	-0,19477076	-0,197930095
YFR017C	0,4803755704	0,9138073938	0,3889078281	1,0314551216	0,4534183196	0,0691712065
YGL045W	0,2400714993	1,1112387007	0,5531820516	0,22992506	0,1505229867	0,1276874396
YGL053W	0,4128558032	1,6713738682	0,7469944698	0,3657327388	-0,0602616535	0,0569746012
YGL055W	-0,0177871303	-1,5379050984	-1,1673349443	0,5461983414	0,3667824065	0,072775366
YGL149W	0,7293002376	1,2421669434	-0,2086239025	0,0855046928	-0,1256426448	-0,3032149624
YGL239C	-1,7559747137	-1,2926072975	-1,1929846977	-1,6791883613	-0,2211258875	-0,3487250481
YGR170W	0,4430423309	1,0227898604	0,3270345668	0,1267351818	0,1289704631	0,4855379223
YGR264C	-0,1545760544	-1,2801008366	-0,6280776286	-0,2964414517	-0,1834647429	-0,2197564681
YGR266W	0,2842724389	1,0938922957	0,6995384567	-0,1610737645	-0,3048742982	-0,1469692005
YGR268C	-0,1464004536	0,1561333831	-0,3829861015	-0,1935023611	-0,3700890782	-1,2856093661
YGR272C	-1,5406150007	-4,5645012407	-0,5485584302	-0,4134296012	0,0524969541	-0,0498137438
YHR022C	1,3885010995	2,3412606457	1,7402705301	0,3193426912	0,1425551087	0,4656233034
YJL055W	-0,0251907055	0,3459938677	0,5146528432	0,2166508347	-1,6216837766	0,0586811458
YJL057C	0,9881508586	2,1132886585	1,021224452	0,8633135414	-0,2507528202	0,0022430756
YJL149W	0,6915580254	1,2685860074	0,4710010504	0,233240058	0,0352889401	0,3579954683
YJL155C	0,0762704031	1,320901092	1,071280982	0,5803758718	0,1173072931	0,4547779415
YJL157C	-0,1398529528	-1,1951731873	-0,4828809564	-0,2308771183	0,0256944205	0,4838124184
YKL143W	-0,478062258	-2,5039471249	-1,2189909258	-0,3482062187	0,0729473407	-0,1130515932
YKL153W	-0,1835887516	-1,1626395866	-0,294658326	0,316962794	0,2448673455	-0,2146771146
YKR024C	-0,2736371901	-1,3042428056	-0,4495525875	-0,3275756312	0,1548460094	-0,1942333502
YLL008W	-0,2941704876	-2,0777565229	-0,8998176615	-0,4822241538	0,0146839876	-0,0973817368
YLR129W	-0,3290791688	-1,7056789963	-0,4907727307	-0,133631615	0,1343157126	-0,3554616672
YLR137W	-0,1593111811	1,5327246578	0,0722902074	-0,0179040245	-0,0224287466	-0,230515785
YLR225C	1,0179267131	2,3811237323	0,8003259443	0,1055956471	-0,1776593884	-0,1213759877
YLR327C	0,562932	1,1907553648	0,3623608872	0,7056115868	0,1261883651	-0,1393521769
YLR417W	-0,089549214	1,2300850744	0,3239989184	-0,0242878457	-0,1217265226	-0,0373662517
YMR031C	0,6811194594	1,2379844229	0,4521309311	0,5872265944	0,0717604965	0,5003506274
YMR034C	0,3142225541	1,3644304334	0,1942983604	0,1108084688	0,0230868631	0,1707154004
YMR246W	-0,3263072132	-1,2053282128	-0,7871545427	-0,1948561025	0,1230392008	-0,0153679683
YMR250W	1,2869257778	3,7230449159	3,4190573248	3,1016109073	1,1775582188	0,7810267388
YNL022C	-0,495466268	-1,245381983	-0,2707314914	-0,2926164154	0,0963558378	0,2437937047
YNL114C	-0,3871555658	-1,5498845451	-0,2011338293	-0,2365641777	0,3756051654	0,132593315
YNL120C	-0,346607362	-1,189662152	-0,3160648783	-0,2109741463	0,03790249	-0,0402175475
YNL212W	-0,0333962472	0,2646025693	-0,107846959	-0,1300189813	-0,2256802992	-1,3330562125
YNL214W	0,1403941372	0,615223632	-0,0449609726	-0,2380718727	-0,2891368017	-1,8307194885
YNL308C	-0,4588826885	-2,338829411	-0,2953675379	-0,3802174901	0,0055419187	0,3892769684
YNL314W	0,0838456555	0,2113956757	0,1171052171	0,2159645571	-1,5565110165	0,3654589428
YNR065C	-0,0864091981	-0,4534116605	-0,2247356111	-0,1190221667	-1,6338235806	-0,3922677253
YOL083W	0,1823003499	1,2343098293	1,6246806988	-0,2778070019	-0,0275104994	0,1499310202
YOL089C	0,0654452792	1,2876056643	0,4957028107	0,7008790619	0,2038059419	0,4210657051
YOR019W	0,1684967221	2,3191056493	1,2677154483	0,687987794	-0,2386223058	-0,0606643014
YOR207C	-0,1632228921	-1,0134463245	-0,6268899109	-0,2318036706	0,0060846453	0,0424138617
YOR309C	-0,2433275736	-1,967721172	-0,7779013449	-0,275978025	-0,1606488013	-0,241730302
YPL003W	0,2510790754	1,0342582421	0,6244968134	-0,0231841517	-0,1132211414	-0,0491521723
YPL203W	-0,0091425419	1,0010096071	0,8947895194	0,5687351388	-0,0560936075	-0,1212534838
YPR010C	-0,5061409568	-1,5514364062	-0,8322403373	-0,0310287465	-0,0485006225	-0,2258766177
YPR108W	0,0213530531	0,5722308754	1,347278935	0,2606108808	-0,3813499827	-0,2311738108
YPR110C	-0,601796636	-1,9052637837	-0,427827317	-0,3212079191	-0,1472462252	-0,2725078838
YPR112C	-0,2478312506	-1,2178277994	-0,5524019193	-0,345734781	-0,1300814263	-0,1928964283
YMR304C-A	-1,0585745576	-0,8479209958	-0,7640065886	0,0199129701	-0,2530842705	-0,2950242286
YAR020C	-0,0198682761	-0,1927313674	0,0098718982	-0,2076962089	-1,214206062	-0,2702579848
YBL069W	-0,0415699814	-0,2150487741	0,3200070251	-1,7236170666	-0,1264012114	-0,0579875716
YBR046C	-0,0180563684	0,4644525689	1,5561932836	0,6810310477	-0,5620410423	-0,0311936266
YBR050C	0,2057228445	1,9070334856	1,2619790431	0,3618765981	0,0818185388	0,4646590791
YBR052C	0,5986760264	1,0181455885	1,7081711291	0,9668518524	-0,1082758949	-0,0013726235
YBR142W	-0,4926852282	-1,8104072076	-0,7749861441	-0,0784923893	-0,0557962192	-0,1241779885
YBR235W	0,0633653881	-0,0319344899	0,3970417458	-0,2180383014	-1,7225779711	-0,0928387026
YCL034W	0,1781215856	0,3683725498	1,392222983	0,1548490229	-0,1600187214	-0,0825931306
YCR034W	-0,2767601691	-1,1025172104	-0,9743298816	-0,17301447	0,2697813266	-0,0952976575
YDL102W	0,0891721551	-0,1259682841	0,060443371	0,171255404	0,1797062932	-1,0325686255
YDL204W	0,209057714	2,4211161907	3,9016293053	1,5736600687	0,2774165214	0,7378551266
YDR250C	0,0462084855	0,1705870989	-0,1004596816	-0,2029880247	-0,0020618071	-1,5807323452
YDR330W	-0,2141139254	0,6129313335	1,1840195461	0,0622168467	-0,1184866877	0,1144493008
YDR432W	0,4373785927	-0,6137007511	-0,2960678723	-2,241462764	-0,4802198028	-0,9230001179
YER001W	-0,3563865748	-1,3760771142	-0,4798624118	-0,2306450945	0,4527352069	-0,2942088155
YER091C	-0,1787371716	-1,4982890476	-1,4419884955	-0,424287802	1,310053399	-1,4022644809
YGL062W	0,2703941685	1,0117066591	0,870148442	0,1091243133	0,0696189054	0,0860090843
YGL158W	0,027110775	1,8383378631	1,2803149369	0,3754910412	0,2837494663	0,2012389306
YGL248W	0,1482693984	0,6753136301	1,4584173648	0,6729694823	0,1171883367	0,2172173768
YGL250W	0,3383708381	1,1799975848	0,6088958016	0,2475377556	0,0033543273	0,3274343197
YGL254W	0,1717520487	1,427983176	0,1197800728	0,0292607059	-0,1634318149	-0,3667974841
YGL256W	-3,7856815292	-0,1746797242	0,1081804969	0,1896215526	0,0682288334	-0,1019280646
YGR081C	-0,4425190402	-1,037625301	-0,0453995638	-0,1856259035	-0,300585086	-0,1296047818
YGR187C	-0,6805131473	-1,4583768551	-0,515292316	-0,5339581386	-0,0551950914	-0,1375320577
YGR279C	0,6549399408	-0,2164074756	-1,3199073395	-0,3139650076	0,0909483818	0,5096122691
YGR283C	-0,3900619042	-1,8882755846	-0,4147542317	-0,1985598956	-0,0213261233	-0,1815075783
YHR025W	-0,0704350937	-0,8173195695	-1,2236152253	-0,191931148	-0,3044711672	-0,3635949536
YHR031C	0,0597502318	1,2301176584	-0,0746872139	-0,1408805184	0,4494161014	0,3572473264
YHR033W	0,6448452487	2,2860492277	2,3903973269	0,2700447612	0,2836332672	0,8782345681
YHR216W	-0,3512404871	-1,0450653672	-0,6753002726	-0,0665023712	0,0502933233	-0,1836132153
YIL094C	-0,300588982	-1,1593851976	-0,7083966479	0,1524530662	0,562521921	0,0644444086
YIL096C	-0,2832679028	-1,0431885743	-0,8059305769	-0,1345492259	0,1870026671	0,0916636774
YJL072C	-0,3712045062	-0,4889331994	-8,3591773758	-0,1325598822	0,0094724924	-0,0241875897
YJL158C	-0,2910368935	-1,1611080993	-0,3779453787	-1,798389325	0,659873856	0,0469816289
YJL164C	0,290327487	1,6883379948	1,7572235653	0,5359923365	0,0818442941	0,3027323998
YKL065C	0,9003852874	1,5611474262	1,5266984132	0,9426362358	0,2019878061	0,094384183
YKL067W	0,3631432743	0,7827658252	1,4276322885	0,7464885653	0,6142892844	0,1743326475
YKL156W	-0,2956101697	-1,3934363429	-0,2817341397	-0,0973986689	-0,0534929993	0,1363758123
YKL162C	-0,1927325444	1,0575530753	0,9747263647	0,3464742656	0,0932876963	0,3931085474
YLL023C	0,2527959158	1,5333464437	2,213716884	0,9396616461	0,0333700211	0,2491314181
YLR046C	0,0953824012	0,6154868087	1,0123397939	0,5363641843	0,1441456149	0,3334782449
YLR048W	-0,2583821827	-1,3460712931	-1,2386329366	-0,1902767554	0,1176699222	0,0805085544
YLR150W	-0,0470431356	-0,9471960039	-1,1137951755	-0,1962743324	-0,2134890166	-0,1952487637
YLR336C	-0,4656806374	-1,1396886503	-0,2471302496	-0,2212484711	0,142460896	-0,0686482411
YLR340W	0,0102812273	-1,2430393068	-1,1377574443	-0,0922561932	0,2168742662	0,0019248649
YML070W	0,2191954027	1,8902046772	3,0620970541	1,3329419124	1,4514280301	0,6441880924
YMR039C	0,7951334194	1,0278272628	0,7764596811	0,0352398406	-0,0003862302	-0,0536611181
YMR041C	0,3377445841	1,0850899525	1,3430386089	0,2401366929	0,2258730607	0,4297616988
YMR259C	-0,1834130517	-1,5018537347	-0,78726042	-0,2248132998	-0,1058038543	-0,2701035687
YNL327W	-0,9503838511	-1,4822771618	-1,7548056331	-0,6788118432	-0,4953084114	0,083307861
YOR026W	1,0515335366	0,3045537778	-0,7036123739	-0,0952411432	0,034556329	0,0625560932
YOR028C	1,1281354985	2,4451141616	0,12908556	0,576295138	-0,3267269343	0,239449561
YOR120W	0,4154161647	1,7326758961	2,7905470366	2,0150604938	0,196896404	0,1884843805
YOR128C	0,1099512417	-0,0010663006	1,1405159049	0,3420488757	-0,0623674545	-0,1213632421
YOR220W	1,0240035741	2,2318479916	1,9659053531	0,7673260034	-0,5912783453	-0,2239807997
YOR224C	-0,5195495747	-1,4501980642	-1,031387766	-0,3423317545	-0,1381914689	0,129121298
YOR310C	-0,1415532629	-1,7246187087	-1,2085197053	-0,318212635	-0,114645347	0,0738310545
YOR312C	-0,0293669519	-1,1804686456	-0,7486875834	0,0522301605	0,1147782105	0,085935816
YPL014W	0,0589052042	-0,3223643493	-0,1197749087	0,6611584581	-0,3975496426	-1,0216256427
YPR119W	-0,2421098279	-1,0996926158	-0,765023513	-0,3770075163	0,0932000751	0,5015163118
YOL016C	0,3734871566	1,027834144	0,6498097091	0,3115422182	-0,5362975551	-0,3978194156
YBL075C	0,1854004102	1,4210116793	1,3186355269	0,5253894697	-0,0228792619	-0,1513025811
YBL077W	-0,153754257	-1,0655397541	-0,3911877122	-0,0137032165	0,1192709924	-0,1069393161
YBR054W	-0,103398887	-0,1087200109	0,476439623	1,2978749534	0,3943068007	0,592956725
YBR158W	-0,7964897387	-2,479477321	-0,6469512657	-0,5400977463	-0,352639919	-0,1506036675
YBR247C	-0,4335961309	-1,805180198	-0,4692807825	-0,1258446611	-0,0066704488	-0,1227007408
YCL040W	0,9607726198	1,9501932467	1,8015749541	1,4335911271	0,1102344176	0,1754372729
YCL042W	0,1059302772	1,1621677239	0,9910703901	0,6083749101	0,0632608594	-0,081358319
YDL014W	-0,332099562	-1,0035536103	-0,4986198398	0,0100109692	-0,0983933767	-0,1698813851
YDL020C	1,4931222432	1,8045574515	0,4468122346	0,5045894047	-0,1804397476	0,1000965937
YDL022W	2,1873551826	3,5619900632	2,2746322383	1,126963119	0,1927114574	1,0687509031
YDL024C	0,7274036863	4,4071150341	2,5619275099	0,4795741003	0,4686103325	0,5707782203
YDR058C	0,232376343	1,2017548582	0,324746868	0,5287871862	0,0336197967	0,1923491178
YDR262W	0,4575238607	1,4745558413	0,9080750058	0,9588735203	0,2134572965	0,2514279613
YDR342C	0,5944499821	0,7711032182	-0,8102247675	1,6590619166	-0,2402841768	0,1880394432
YDR536W	1,5662258614	4,6186023746	3,7063189058	-0,4725458407	-0,1523683889	-0,0534180705
YDR538W	-0,0940949195	-0,8575297374	-1,4440733826	-1,2784987646	0,1124434098	0,3281037439
YDR542W	0,0181834245	0,1304032444	0,3992440292	-1,3491135916	-0,5714328695	-0,2924941397
YER103W	0,6865889929	2,5269026863	2,5108981747	0,9960840212	-0,0953219768	-0,467626006
YFR030W	0,2907829155	0,7981079839	-0,282321557	-0,1696088334	1,0554423544	-0,1099591861
YGL078C	-0,8594486938	-2,7594793037	-0,6076820499	-0,1474597485	0,0752059883	-0,1628043834
YGR103W	-0,8129055461	-3,1118698853	-1,5604973785	-1,4489590893	0,1190947395	-0,3474401988
YGR285C	-0,2284548965	-1,7680730764	-1,3824121362	-1,0398149453	0,096754838	-0,847402484
YGR293C	0,2306373004	0,4852193739	0,3561487798	0,010044293	0,7859733869	-1,4044496117
YHR137W	1,020492721	2,5490261686	2,4237581093	0,2620829036	-0,2379059031	0,9708556799
YHR139C	0,1404010666	2,1528243563	2,9146771155	0,4863477161	0,5810713514	0,6211638644
YJR041C	-0,7340484245	-1,3564475656	-0,4200034896	-0,2995209687	-0,1339958449	-0,0110555245
YKL081W	0,0473723286	-0,4971118938	-1,7772319549	-0,5508435855	-0,1171323108	0,0902043839
YKL172W	-0,8483769504	-2,0171486587	-0,423115001	-0,2069342263	0,3087507382	0,1558490272
YKR047W	-0,4109334547	-0,5297064434	-0,477013575	-0,5359984583	-0,2838023892	-1,28636928
YLR056W	-0,6301010709	-1,169177461	-0,7903522203	-0,5511504074	-0,1685783611	-0,0593915597
YLR058C	-0,3523313273	-1,3540923575	0,5226366298	0,3536555763	0,3499770924	-0,1012323388
YLR062C	-0,0636043152	-0,5107471239	-1,0206013909	-0,1670715048	-0,0065692621	0,2478174338
YLR152C	0,1464945145	1,0607682343	0,7431737695	0,8891781835	0,2609475263	0,3654164938
YLR252W	0,9774077607	2,621635776	1,6244035882	1,4484666791	-0,0381037256	0,1258548187
YLR258W	1,202255882	3,0595597886	1,9862041197	1,9268138159	0,4095439894	0,9006627265
YLR352W	0,3553153221	1,131808611	0,569879975	0,1100457774	0,0738019378	0,4751770649
YML093W	-0,5326309375	-1,8217679985	-0,4381796008	-0,296065789	0,349704502	0,0500424464
YMR053C	0,1154605781	1,0470763544	0,157788469	0,2774269245	0,1817830941	0,2128442743
YMR269W	-0,2506096636	-1,0468753911	-0,7855917475	-0,2830402679	-0,2470035273	-0,3948471389
YMR271C	0,3262644983	1,4572184266	1,8557189612	0,9264134102	0,1698769724	0,2607143439
YNL045W	0,3953698149	1,2482073834	1,0158811486	0,6924680229	-0,1684222691	0,0777244351
YNL141W	-0,0097149888	-1,4272673525	-1,8064097863	-0,4079003343	-0,3494990209	-0,1227007408
YNL143C	0,0165453533	-0,0625035255	-0,4939557762	0,0042797425	-1,0760500081	0,2252825944
YNL145W	-0,3243940754	-1,6871872532	-0,4853834421	-0,0152130081	-0,0580669761	0,2676161749
YOL013C	0,2214018217	1,367845924	0,4641264175	0,2576372082	-0,0187457123	-0,0820068787
YOL110W	0,0772110549	-0,1024006001	-0,6187786907	0,0354314455	-1,4656586501	0,5453530309
YOR036W	0,4043767039	1,6838817108	1,2679284358	0,8038190709	-0,3162144772	0,0319444139
YOR134W	0,6398565891	1,3361422286	0,8271330175	0,45940816	-0,0034257326	0,4604738506
YOR136W	0,1643393141	0,730439169	1,0006692168	0,7400561584	-0,35360726	-0,2424346979
YPL126W	-0,4060250988	-1,9620116434	-1,34657442	-0,3574168297	-0,1611888583	-0,2705961586
YPL220W	0,1485510384	-0,1855047972	-1,0332865758	0,0619121657	-0,028894002	0,060026459
YPR035W	-0,2232044039	-1,21027259	-0,3056758467	-0,3263633284	-0,2748299941	-0,8057995576
YPR129W	-0,0082532685	-0,5881194373	-0,2509267188	-0,327824027	-0,379703844	-1,0804596996
YBR056W	0,7773526844	1,6217382818	1,8807099919	1,2574096109	-0,1437431759	-0,0652766531
YAR033W	-1,8023623023	0,3645993912	0,409772293	0,1098842707	0,2408425042	-0,1585904504
YBL064C	0,3394891923	1,9178005711	2,3261373431	0,7993029956	-0,5923782302	1,3295188605
YBL068W	-0,6720668677	-1,4344562002	-0,275417173	-0,2544818469	0,0748953921	-0,1043523695
YBL072C	-0,9801537703	-1,0028398971	-0,6647828456	-0,1529331095	0,6213941822	0,114661802
YBR047W	-0,3993029334	1,1376864177	1,6818558039	0,3461328186	-0,011855828	0,3021881261
YBR053C	-0,2245910236	1,3093323934	1,5881834719	0,89699738	-0,1909796554	-5,4028629662
YBR139W	-0,380121137	0,9184017176	1,2218577082	0,806412362	-0,2088232116	0,2004813215
YBR141C	-1,0894833284	0,1550666803	0,3480087815	0,0106726398	-0,3711365535	0,2245460249
YBR143C	-1,7679108318	-0,8568818668	-0,0708326097	0,0741584355	-0,014225886	-0,0190177822
YBR238C	-0,0043193647	-1,5412610404	-0,526318452	-0,0586530268	-0,1208033619	-0,2213584989
YBR242W	0,0434939809	-0,227011187	-0,1840815709	-0,0552227946	-1,4984015249	0,0896179865
YCL035C	-0,1797963605	0,7418449425	1,3879688807	1,1393833438	0,0209014176	0,315447172
YDL109C	-0,0011907748	0,1170543863	-0,2288965041	-0,0558940551	0,5166198305	-2,2028004898
YDL199C	-0,1302333315	1,8397206895	1,3197119709	0,410650277	-0,0228334566	0,2972462614
YDL201W	0,1036911982	-1,0410996635	-0,5646907477	-0,1523029443	-0,1184878488	-0,2042104299
YDR043C	-0,3427774339	1,9252806928	0,4196614442	-0,140045012	-0,3266825309	0,1488702076
YDR429C	-0,1949840994	-1,6080313453	-0,1199808181	-0,0034289965	0,0238642543	-0,2567058884
YER006W	0,0294901588	-1,3954397208	-0,8974908737	-0,0560437829	-0,1194978597	0,2079280757
YFL002C	0,0564639596	-1,1691165013	-0,4441971152	-0,0998362035	-0,1315638803	-0,012920877
YGL157W	0,0594929721	1,4046840535	2,0078705705	1,2331969905	0,3038671211	0,6392439495
YGR086C	0,0449398706	1,4383939209	0,9451614116	-0,0048268653	0,0199564866	0,01850703
YGR088W	0,1104914047	3,7239321444	3,9489174617	2,4489178197	0,2687278854	1,2279704299
YGR280C	-0,1568624214	-2,2954797595	-1,3705844352	-0,6555776062	-0,2089628073	-0,2680559766
YHR124W	1,643503893	0,4483306014	0,3301431729	0,0779233923	-0,0765103886	0,0993701953
YHR215W	0,4246433269	-0,8383308243	-1,4048357281	-0,7577011941	-0,0284636356	-0,1111223038
YIL097W	-0,2963021135	1,0000025373	0,8129050177	0,4899214877	0,0461782383	-0,0881409777
YIL099W	0,1380990497	1,0987286144	1,0212541276	0,1592923955	0,1162616096	0,6593200935
YIL101C	0,2202412206	1,6320502187	1,1968841094	0,3981548354	0,0687541101	0,9267204587
YJL065C	-0,1498728117	-2,0003984054	-0,1522841447	0,0570840207	-0,0945295502	-0,0603697749
YJL069C	0,1408244152	-1,7255090857	-0,6349520856	-0,6749219792	0,0252500885	-0,2249717388
YJL159W	0,3910448981	-1,0150277234	-0,5057646973	-0,0445570337	-0,3285733738	-0,2465929106
YJL161W	-0,0527363352	1,7333695406	2,2775378312	1,0079916349	0,1687952133	0,2762127618
YJL163C	0,3371347398	1,6468800237	0,0805373876	0,1958780857	0,0587360058	0,0091554352
YJR032W	0,0618550376	-1,5220507914	-0,0429379889	-0,0925376428	0,0553980206	0,0284159998
YJR040W	1,1553467837	-0,1650545909	0,0125135012	0,0220135203	0,2538936674	0,1566725924
YJR137C	0,0089223181	-0,1375202457	-0,3856976382	-0,144307147	-1,0523138971	-0,0664571347
YLL026W	-0,0135531507	2,0141735367	1,5512428947	1,4210682688	1,1127759267	-0,8991989214
YLR049C	0,1927991598	-2,1525161125	-0,4688410128	0,2517645232	-0,0227057229	0,642682422
YLR051C	0,1783490563	-1,5874161974	-0,3100015058	-0,2155490996	0,1853597225	-0,0791801057
YLR149C	0,0456986473	2,4903752084	1,7086078432	1,3840104048	-0,17479034	0,2071337982
YLR241W	0,0068021074	0,3662128023	0,6997627235	0,424648657	-1,2249961818	0,0448010983
YLR335W	0,0517472376	-1,1683988309	-0,3356187142	-0,0407000651	-0,0126418308	-0,4582849437
YLR435W	-0,8392365041	-1,4157440004	-0,354980622	-0,0238602833	0,1816704263	0,1417940259
YML076C	-0,1720255709	0,3540364517	-0,7447551878	0,0593638757	-2,8089773878	-0,2140779152
YML078W	1,2959827682	0,1243415003	0,0547043072	0,3321633944	-0,5760324876	0,275877692
YMR040W	-0,1005597305	1,2501620773	0,3472970777	0,3792707515	0,1517184339	-0,1633596562
YMR049C	0,0090080651	-1,8362070511	-0,9861186329	-0,348790515	0,0487869418	0,1352698903
YMR152W	0,0275758669	0,8254477806	1,0479417058	0,4115902445	0,1012127248	-0,1419393767
YNL126W	0,7002217367	-0,6337693739	-1,0689297732	-0,1408824574	-0,0371690584	0,1207630217
YNL132W	-0,1289312038	-2,2101674176	-1,0113996199	-0,3855473363	-0,0265300902	0,0853976458
YNL134C	-0,7087578981	0,3140027712	1,114760596	0,574648969	-0,1684506334	0,1230354711
YOL097C	-0,0277637475	-1,1231761744	-0,7856830763	-0,3152006154	-0,468264909	-0,1772799607
YOL101C	0,2577387443	-0,0745952324	-1,5118969577	-0,0450668974	-0,0393176711	-0,0472548991
YOR123C	-0,0250511995	-0,6246473398	-0,0782238736	-1,2662151335	-0,2157573123	-0,193377563
YOR215C	0,0701751367	0,1698849368	1,1181858714	0,8683241508	0,0552279271	-0,2922822763
YOR313C	-0,1218989032	-0,8432372536	-1,3912911482	-0,8823239328	0,0361445805	0,3946684001
YOR315W	-0,1298272262	-2,4216715299	-1,7212486128	-1,2930056672	-0,1677921029	-0,1392040229
YOR317W	0,0912989619	1,0238442309	0,7838423593	0,4229980758	-0,0042454714	0,4900360964
YPL013C	0,4255908338	-1,0626832233	-0,3677601149	-0,0349181331	0,1149533811	-1,0857740825
YPL019C	0,0837098096	-1,266290761	-0,3235602629	-0,4364659957	0,3909182303	-0,2798132383
YPR022C	-1,2270793989	-0,7695328416	0,0286303303	0,1705354704	0,1384032177	-0,2417199203
YPR124W	0,0838426781	-1,1790259625	-0,5269984868	-0,550250042	0,3557845372	-0,0236264535
YOL041C	-0,0756965588	-1,8569695099	-0,1457951955	-0,2733872078	-0,0549910346	0,1093017929
YBR286W-1050	0,4454183764	-0,0062319364	2,3341571366	-1,0750613082	0,0880980743	-0,0266373389
YGR070W	0,1437615978	0,3842127732	-1,2270412055	-2,6894048651	-0,1339467899	-0,346977658
YAR015W	-0,0523465902	-1,2275356399	0,6243280593	0,3703034667	0,1039274223	-0,3302222469
YBR065C	-0,2498527887	-2,4172224947	0,3273268471	-0,4936000784	-0,0612501164	-0,0847415768
YBR155W	0,2461642495	-2,0297498085	-0,2959747242	-0,1100152021	0,0561152518	-0,195393634
YBR159W	0,2205977019	-1,0934130754	0,0229027789	-0,0584088569	-0,0092501125	0,0170802489
YCL041C	0,1947387839	1,4402791088	0,4937336197	0,0205756146	-0,0229607194	0,1653575983
YDL017W	0,4267069127	1,0803029854	0,2746423424	0,0782830842	0,15495861	-0,0235657932
YDL021W	-0,3458143901	-1,2409855053	1,896876233	1,6205295927	0,3554854025	0,5575378754
YDL023C	-0,0665331084	-0,0716000648	2,0959944692	1,0045528505	-0,08961971	1,2285850288
YDL211C	0,1769631404	-0,0953937818	0,2086028705	-0,2356316288	2,2136835701	0,6463123439
YDR059C	0,0857301285	-0,132224279	1,2875124264	0,3951870794	0,2391701466	0,1704655557
YDR063W	-0,3254053955	-1,0610859411	0,6801246916	0,4764540732	-0,1425441155	-0,0469849601
YDR157W	0,6643532063	1,4652156325	-0,9624852655	-1,0287096882	-0,5532114016	-1,1771739694
YDR159W	2,798789489	3,0819306829	-0,0995739036	-0,1888822936	-0,153783446	-0,0798657874
YDR345C	-0,3776939868	0,5296534145	-1,0831228543	1,1825272754	-0,1710135899	0,1465761006
YDR441C	-0,0168887519	0,1599859202	-0,1624172867	-0,0161386922	0,1661879538	-3,1618984411
YER010C	0,4452697149	1,0558621135	-0,656066387	-0,5138563497	0,0361587885	0,3301515191
YER014W	0,0140608563	-0,1793969418	-0,1719767169	-2,8481728462	0,154140035	-0,4976551539
YER110C	-0,2565586575	-0,9723445279	-1,2547580189	-0,2418274022	0,2476944627	0,0755936705
YFL006W	0,2034637518	-0,2143269128	0,6156785909	0,2432362884	0,1120223587	-3,7297370021
YFL013C	-1,1016531314	-2,2816886763	0,3705024476	-0,0633635782	0,0285497361	-0,0681400819
YFR031BC	0,3041317967	0,9925366754	-1,1897018649	-0,4534510505	-0,149577079	-0,5591497296
YGL075C	0,1373415642	-0,6102458355	-0,0289196572	-3,4298394614	0,012242855	0,0037840275
YGL175C	-0,1322137913	-1,2970431174	-0,2063048728	-0,315986482	-0,1541301419	0,0022783016
YGR008C	0,2539348591	0,3742213339	1,9996553942	1,6715068955	-0,1519028905	0,0301976818
YGR094W	-0,1432300446	-1,5698385131	-0,4791552957	-0,0744177011	0,1136822007	-0,0348220653
YGR192C	0,1246677626	-1,6894876344	-0,1567465172	0,2621119654	-0,091810943	-0,4584351811
YGR294W	-1,5492072096	-0,3389335767	-0,185805371	-0,1458368572	-0,428048699	-0,1943619382
YHR045W	0,908463495	1,9307172785	-0,2129998065	-0,327681596	-0,2215310135	-0,3010409682
YHR138C	0,0263782856	-0,1620164451	2,0271349922	0,9719644854	-0,2891105666	-0,0056502864
YHR140W	-0,2228345675	-0,0793191025	1,5922908145	0,904409409	0,5451345546	0,6210296624
YIL010W	0,1514095511	1,2747979828	0,9469107662	0,5081583509	0,0063946142	-0,1236937211
YJL083W	0,787288193	2,0063475192	0,2779150808	0,3332315082	0,4744793598	0,1992004623
YJL085W	0,2455396874	1,4076796558	0,3108936576	-0,0922828328	0,1891356611	-0,1501125315
YJR046W	0,4035962352	2,0608777867	0,3923056905	0,098176583	-0,0685060857	-0,2601196547
YJR050W	0,3445054745	1,0999828362	0,2043245631	0,0703891213	-0,1388427985	-0,1428659327
YJR149W	0,1414175512	0,2693367227	1,0052556826	0,2903166121	0,0803200033	0,2643141175
YKL167C	0,4396727256	1,1344605426	0,2792035778	0,0125875298	-0,2688885832	0,1540670562
YLL034C	-0,1890838097	-1,0239364532	-0,3217883232	-0,231301445	0,0697426881	-0,096404735
YLR251W	-0,0179326117	-0,0149097979	2,1051423813	1,4420169124	-0,06906705	0,2649938553
YLR345W	0,4655522184	0,2592035666	1,3637386741	1,2024691229	-0,4192711348	0,1436708559
YMR054W	-0,4438580649	-1,9829711925	-0,0440540157	-0,0162675141	0,1827123823	0,1952499448
YMR056C	1,9729892655	3,0408672074	-0,0697341162	0,0669626009	0,0004744959	0,4219580542
YMR160W	0,8157071926	1,910788922	0,2232295745	-0,0442765312	0,3849277224	0,166299012
YMR170C	0,0108819268	-0,1752765886	3,896954502	2,2373615605	1,4154420153	0,6921775992
YMR172W	-0,7418785853	-1,1919360154	-0,1237396023	-0,1338182817	0,0528077871	0,1735659185
YMR277W	-0,0458727789	-1,4717934625	-0,1312552353	-0,2895856558	0,0793531583	-0,423276791
YNL144C	-0,0728161611	0,3074207014	-0,2538462348	1,6143261528	0,0230899915	0,2428333259
YNL234W	0,1790213903	0,2874395728	1,5048646207	1,2819837627	0,5396016767	0,2119227796
YNL242W	0,8989969484	3,5008312616	-0,0839669731	-0,2547043631	-0,0928426258	-0,1111372237
YNR001C	-0,0760534314	0,1148440438	1,9386165363	1,2806947975	-0,7397905922	0,0427403684
YOL109W	-0,120298629	0,1282869869	-1,9384152951	-0,4228664218	-0,4396732223	-0,520653451
YOR135C	-0,0241039612	-0,0938212437	1,1189561167	0,5106612292	-0,51316412	-0,2475812218
YOR137C	0,1132681646	0,4449041974	1,0507396346	0,733989487	0,2467470065	0,4054169222
YOR141C	0,9243580489	1,6452925045	0,3256461346	-0,0530705465	0,0034995418	-0,0472680335
YOR227W	-0,3752466795	-1,1345554784	0,2093608119	0,2897710772	-0,0497965751	-0,1939381084
YOR327C	-1,2241047123	-2,2401072168	-0,4926251519	-0,2400770567	-0,1933185938	-0,5200090342
YPL123C	-0,1118795742	-0,5546268449	1,0984108682	-0,0246074573	-0,2242501953	-0,4553042557
YBR286W-500	-1,5172786688	-2,9449750401	0,0275392944	0,2196109946	-0,0430871505	-0,1345506189
