GID	0	5	15	30	60
YBL003C	0,1263239879	0,179631221	-0,1480407556	-1,2733298073	0,3002291867
YBR072W	-3,2490499162	-0,7343318526	1,6759646244	1,0014413419	-2,7831496492
YBR169C	-2,5300260124	-0,4682797053	1,3183467324	0,5268233866	-1,3746668373
YCL054W	0,8816234221	0,0862253541	-1,6712172864	-0,8109313559	-0,1830866937
YCR058C	0,5405468769	-0,5577176195	-1,7232398826	-0,8472748417	0,1033960229
YCR062W	-1,2668126287	-0,3967110968	0,8281740935	0,8804252511	-0,0263575468
YDL124W	-1,886577264	-0,4570227463	1,1662997625	1,258165423	-0,2994881187
YDL222C	-3,4117337196	-1,6372605528	1,8482940881	1,219948028	-2,9049759788
YDR074W	-2,3523979347	0,7244248539	1,1111192236	0,0799289819	-1,7304850688
YDR450W	0,8338868339	0,3036335513	-1,3768584183	-1,5371630054	-0,0431337706
YDR458C	0,3448473976	-1,2692976769	0,3058682252	-1,7797963259	-0,3523267019
YEL011W	-2,7193543861	-0,1657150929	1,8852005229	0,4518596481	-1,9441356312
YER117W	0,4786367141	0,2981128921	-1,2761901314	-0,9759428405	0,2636760642
YFL014W	-5,0313086262	-3,2530098644	0,8964658378	1,903415375	-0,6998763721
YFL016C	-1,7384656517	0,4944953061	1,2302868167	-0,8165988069	-1,6369490711
YGR211W	-1,2144980683	1,5741961507	0,4992731803	-2,284502541	-2,1914734031
YHL011C	0,6656829205	-0,1108466897	-2,1118484171	-0,9520102192	0,7397944167
YHR052W	0,9201992716	-0,2622285219	-2,7264576431	-0,9452294568	-0,3860597561
YHR148W	0,6779825835	-0,6697164473	-1,6437510579	-0,534176481	0,340247294
YIL019W	0,8214817503	0,0681759277	-1,8468847448	-0,7575363611	0,0431908249
YIL122W	0,1521680954	0,3108760483	0,172782649	-0,0108193887	-1,5959471253
YIR039C	-1,637950975	-0,3027028917	0,8684654118	1,135724796	-0,5546210172
YJL088W	-1,4908929396	-0,1565504848	0,0901279138	0,702783034	0,7246277048
YJL190C	0,7514838421	0,498910718	-1,604306729	-1,1037350036	-0,2081500199
YJR061W	-1,0672581697	-0,3302959095	-0,1609191146	-0,2406928257	-1,2893723522
YJR063W	0,6075975132	0,1260165223	-2,3814361474	-0,5145042007	0,1491546476
YKL091C	-1,7090028507	-0,289676087	1,2373510808	0,6745284123	-1,3012070575
YKL180W	0,3237399211	0,3072722347	-1,301138803	-1,0397859565	0,3068092517
YKR057W	0,9146230741	0,5149120129	-1,3716802984	-0,8736906732	-0,0771770061
YLL039C	-2,7000608672	-1,083432916	1,4295279245	1,4320914171	-1,4245736851
YLL045C	0,3966088813	0,3376038789	-1,3472133234	-1,9432215318	-0,0191085644
YLR074C	0,5872254365	0,0298773126	-1,9262836187	-0,8678380339	0,0757068808
YLR366W	0,571248411	1,3417916574	-0,2931936588	0,1344495558	-0,3488137456
YML100W	-4,2098838238	-0,1523482072	1,4011539457	1,0844328156	-1,587353379
YML106W	0,256462381	-0,010292029	-1,4634404939	-0,9187177552	0,2798641297
YMR173W	-1,3698456237	-0,5091183691	0,9004956984	0,8650439747	-0,124996711
YMR185W	0,6330639033	-0,3858816219	-1,6407324832	-0,2882272596	0,6787472571
YMR291W	-1,635766281	0,6235268129	0,7687775652	0,3158586053	-1,0595025911
YNL053W	0,1417808223	-1,9298906102	-0,4940419272	0,1627390048	0,3745032756
YNL055C	-1,8660082966	-0,9890238959	0,3357706212	1,4171649368	0,3551777961
YNL061W	0,7008788112	-0,3645724389	-3,0921464414	-1,9964008376	-0,1278617777
YNL151C	0,6375673973	-0,2733876633	-1,8364182738	-1,1278775598	0,2411421762
YNL247W	0,5306538386	0,0153186333	-1,3802767555	-1,2606720333	0,5603508742
YNL255C	0,6217154071	0,3283621721	-1,4342335389	-1,1012085177	-0,2314638088
YNR002C	-1,6211137318	-0,8855733988	1,524093643	0,4192385953	-1,748667208
YNR010W	-0,6133751043	-0,1290414886	-0,5473892575	-3,9751103891	-2,1639407679
YNR012W	0,4858098905	-0,1045500703	-1,5685609552	-0,5781214553	0,4328427477
YOL124C	0,6359796299	0,2389557634	-1,7505324744	-0,8147243492	0,3072923293
YOR052C	-1,5991272088	0,53999176	1,2206886951	0,313877604	-1,2388445953
YOR056C	0,9248144783	-0,2851955962	-2,1978017126	-1,5014497827	0,0432703932
YOR146W	1,2427526426	-0,1983375818	-2,6687002379	-0,185959981	0,3820114175
YOR334W	0,1777723405	-0,2348951595	-2,2563058838	0,1748929355	-0,1840008758
YOR338W	-2,2014805531	-0,0819919761	-0,1907988412	-0,2149669667	-0,5533686814
YOR344C	-0,2954700925	1,614360167	-1,0485597223	-1,3220749424	-1,1071881925
YPL040C	0,5515700148	0,7996417383	0,4766406963	0,1858412294	-1,2990496229
YPL044C	0,8774970323	-0,7280059789	-3,0451270435	-1,2702012109	-0,3488194616
YPL142C	0,1799270524	0,2126020258	-1,4318021725	-0,8888980777	-0,3607967994
YPL230W	-2,2078554661	0,0930973598	1,4103640627	0,5365279347	-1,5267553873
YPR137W	0,8275333498	-1,0055622468	-1,8431344596	-0,2992550859	0,2874357723
YPR143W	0,7141167652	-0,1392442717	-1,7724514722	-0,7807730923	-0,3751052914
YER054C	-2,1313578505	-0,071415196	1,4489531478	0,2024390026	-2,1383881498
YOR383C	-1,2981393959	-0,9014400334	1,8054860565	1,3306790335	-0,3392447516
YPL093W	0,6050135329	-1,6755244272	-4,5044045873	-2,4394098267	0,1114980162
YDR127W	0,2323336123	-4,3721261745	-0,905305897	-2,2220179079	0,3462842627
YAL002W	-1,5957431747	-0,7400415288	1,8658413023	0,5814872997	-1,3048597318
YAL063C	0,3446966442	-0,8148282365	-4,2998574071	-1,5155734538	0,0156551829
YOR340C	0,7501546179	1,8941688109	0,3290523442	0,6700548084	0,1344797826
YBR084C-A	0,6065194941	0,0327489335	-1,6756079678	-1,1207612887	-0,0454445392
YBR181C	0,707268586	0,2487265963	-2,0997544304	-1,3211276355	0,0527983073
YBR269C	-1,775065177	-0,3094812781	0,2243599654	0,7708592594	-0,1237746022
YBR277C	-0,0971899352	-1,6741078594	-0,1471518199	-0,130440173	-0,0282213976
YCL066W	0,1396730093	0,5713794013	-0,1751814661	0,07251925	1,5635702614
YDR178W	-1,311439822	0,0182399381	1,1305175806	0,7727128128	-0,3334260628
YDR184C	0,6762310539	0,0826128759	-1,6848430408	-0,7761100731	0,4963276356
YER036C	0,3669904601	0,0826599291	-1,2694098899	-0,6425728975	0,2445234479
YER127W	0,6588286199	-0,3198975118	-2,1621216005	-0,8027727052	0,1260883124
YER131W	0,8347413324	0,2775101921	-1,6034007868	-1,5390556177	-0,4279392779
YFR053C	-3,7844927143	-0,6393767657	1,8152753806	0,4288525625	-2,1832456601
YGR123C	0,7765963262	0,2358356902	-2,7118898347	-1,3358738243	-0,0963691477
YHL021C	-3,3934103642	0,0388966863	1,9024733156	0,6096438902	-1,8432822588
YHR062C	0,4965429319	-0,3033689508	-1,4795441159	-0,326260207	0,6981002964
YHR066W	0,7761665934	-0,2818659788	-2,1644514293	-1,3509148389	0,1393661305
YIL136W	-1,4248719677	-0,2287736177	1,3697059434	0,5139743858	-1,0692360122
YJL194W	-0,0593936064	-0,3239715231	2,1896443935	-0,158754313	0,0504295071
YJL198W	0,4740908164	-0,0745284431	-1,5395738845	-0,4906278793	0,3209282629
YJL200C	0,5093548893	-0,2194868517	-2,7870235277	-1,0812048878	0,8086643698
YJR071W	0,7913405122	-0,1844526871	-2,8770307799	-1,5165355685	0,2438621545
YKL004W	0,4573857915	-0,1575809387	-1,5214970712	-0,7918264127	0,7023556063
YKL009W	0,9223657125	-0,3935736573	-2,8989343569	-1,5518100812	-0,301286903
YKR067W	-1,3972765947	-0,2296513935	0,8416833817	0,5643324421	-0,7896758403
YLR178C	-3,3428674886	-1,3275671421	0,9408145616	1,2680682134	-1,6974691249
YLR180W	0,7904509745	-0,1687103815	-3,6087226004	-1,1899940078	0,690062996
YLR186W	0,5410729272	-0,4251902946	-3,0264323973	-0,6661143319	0,2880566698
YLR276C	0,7817265039	-0,2003139624	-3,2269882114	-1,4011028114	-0,1676180262
YLR372W	0,6216807634	-0,1850792549	-1,9176007728	-0,972501659	0,7107694061
YML108W	0,2047381406	0,407600326	-2,3151388743	-0,3470588529	0,2171649189
YML116W	0,1158293668	-0,3331696113	-2,8996552197	0,1341421227	-0,7908206476
YMR196W	-1,0282918586	-0,8486193005	0,9863811051	0,6418923608	-1,6348063563
YMR302C	-1,3383360917	-0,6212330168	0,1576465235	-0,0251271929	-0,3628783329
YNL067W	0,2869301256	0,1453923219	-2,0584638087	-1,7444652674	0,5341248695
YNL069C	0,3370960756	0,0844264269	-1,5127688777	-1,2548490621	-0,0848845421
YNL163C	0,2071744588	0,0040545697	-1,6080323521	-0,3573484054	-0,1513653694
YNL171C	-1,1516823715	-0,0481312213	-2,1412188626	-1,3809267856	-0,4404761633
YNR014W	-2,4729235525	1,0158103747	1,3408356552	-0,1483207144	-2,2476942672
YNR018W	-0,0030440339	-0,450511743	-0,7589823341	-1,8661168712	0,1615837391
YOL039W	0,3491477436	0,2908822665	-1,0643801639	-1,3848031153	0,1927147928
YOL128C	-0,1464199439	-0,2788281654	-5,2907790402	-0,1788340066	-0,5304410828
YOR068C	0,2721399207	0,0357636785	-0,7672493215	-1,6229370613	-0,625114771
YOR250C	-0,8343581947	-1,7035725299	-0,2379094761	-2,2682187284	-3,0885817641
YOR258W	-0,3854315118	-0,7735219452	-4,1215705017	-3,9801048162	-3,371131838
YPL054W	-0,6805266848	-0,0690030931	0,4340329393	-0,7942781482	-1,2895026641
YPL056C	0,0328881636	0,7555954854	-0,7503996203	-1,473776025	-0,5833784643
YPL154C	-1,5038990676	-0,4129182922	0,1355881571	0,4757971177	-0,202419245
YPL240C	-2,2518731457	-0,1967152267	0,8006291735	-0,0155334943	-0,3237525458
YPR061C	-0,5592365263	-0,3511561978	-0,4974850479	-1,5582759973	-4,0521163211
YPR157W	-0,3231658989	0,9348775311	-2,0233375269	0,2715131935	0,1391613618
YBR038W	-0,0929974627	-0,770031925	0,4408866875	-2,5541215662	-0,6341071881
YBR058C	-0,2869670153	-0,829127529	-0,3999070107	-1,387247186	-0,6714186503
YLR007W	0,5869379406	-0,0972406052	-2,5633371203	-0,4302660915	0,4631276729
YLR169W	0,0746345778	0,4512196407	-1,9670622094	-0,6369973734	-0,8703226984
YPL212C	0,8952664244	-0,715287984	-1,8811976958	-0,842767812	0,3374280967
YFL013W-A	-3,7234640683	-0,9695810028	-0,1036824666	0,0137095733	-0,0622780639
YLR287C-A	0,8373292143	0,7473114478	1,7685099989	-0,2425585909	0,0504295071
YFR031C-A	0,7761570747	0,43245734	-1,6704461539	-1,031401852	-0,1093572935
YHR143W-A	0,7332140374	-0,1257222115	-1,7865806859	-0,4427600026	0,3696388402
YDR301W	0,5691896875	-0,0023061229	0,2727559824	-0,8143629	-1,5859255926
YPL171C	0,4382655176	1,2969153335	0,7313983729	0,4062730666	-0,054234473
YPL247C	-1,0651522837	0,2323400746	1,428426569	0,2960990602	-1,0616378821
YAR014C	-2,0454555871	0,9182311725	1,1186255855	0,0016459624	-1,9782183899
YBR081C	0,5664899239	0,4056104722	-1,4945870112	-0,2204905707	0,0349931742
YNR022C	0,0370242598	-0,4824055614	-1,3724287189	-0,6543313316	0,848038136
YOL037C	1,3690586168	-0,2029586213	-0,4170382482	-2,115540235	1,3724518332
YOL041C	2,9735785794	-0,3766416224	0,2180212775	-0,4431984715	0,4704263818
YPL250C	-1,986742656	1,6378947127	0,132127226	-1,4347140891	-2,1820020978
YPR149W	-1,6821826311	-0,2715965046	0,4569284343	0,4826914093	-0,5288773298
YAL004W	-0,432256034	0,2136793793	-0,0387136861	1,8917660046	-0,1021274293
YAR071W	0,6122708734	0,5675013836	-2,1164987595	-1,9055437275	0,153643403
YBL002W	-0,1363752084	0,2166419878	-0,026017809	-1,3546107061	0,5527218792
YBL004W	-0,1236226805	0,1986298863	0,0265793826	-1,3649782996	0,5056455704
YBR067C	-0,1336653979	0,5482021558	0,8619942919	-0,1638243771	-1,3500098583
YBR069C	0,3453810672	0,0675507885	-1,2926148134	-0,8602314551	0,1311645587
YBR266C	0,6429555198	-0,6794114739	-2,4350648928	-1,1633991791	-0,0448111928
YCL053C	0,6276585385	-0,2962085202	-2,0208332529	-1,2297721927	-0,0555919638
YCL059C	0,6110094775	0,3037371068	-1,9667833451	-2,6374495381	-0,1870733006
YCR059C	0,0427879771	-0,0931165843	-1,6929559363	-0,4372468248	0,8930522788
YCR061W	-2,3176022215	-0,5652041129	0,8474908005	0,8242178825	-0,0347925613
YDL031W	0,1006154744	0,4436415957	-2,4754740851	-0,7480489926	-0,0274050464
YDL033C	-0,1835962778	0,5987802726	-0,0085879367	0,5847207115	-1,4430972132
YDL037C	-0,1471793578	0,5305413287	0,3835493819	-0,3833191954	-2,9628084508
YDL223C	-2,1325190733	-1,5152963179	0,4265246638	1,3983841962	-0,9965502229
YDL229W	0,060469368	-0,7375480772	-2,0129324518	0,4201112011	-0,8354250466
YDR077W	-1,8987303325	-0,9471379611	0,0747906531	1,4359655508	0,4678678803
YDR165W	0,5539520874	0,1553248068	-2,0948900101	-1,0370414385	0,3710471558
YDR171W	-5,9323159086	0,8999864044	1,761360105	-1,115742285	-3,4793956348
YDR361C	0,8841137725	-0,171901514	-2,6394624137	-1,8500939922	-0,4251063699
YDR365C	0,2193324362	-0,2080406387	-1,2956308988	-1,5206198874	-0,5214663422
YDR453C	-1,6363293339	-1,1462543579	0,3932487378	1,1369390415	-0,3326866797
YER025W	0,4785137683	0,1876702128	-2,1180359615	-1,0882897813	-0,0130176795
YFL023W	0,2483719758	-0,7786615212	-1,7064636776	-0,5786876532	0,2382965026
YGR210C	-0,6163779406	1,0330885318	0,2740544323	-1,3794992222	-0,6923155313
YHL012W	0,3423285052	-0,1782481705	-1,296042342	-0,0525695355	-0,3977520898
YHR149C	2,0440030258	-2,0798193082	-0,8713596542	-0,9557435476	1,5166272806
YIL018W	0,7220935249	0,4091418951	-1,5429164554	-1,386862764	0,164706622
YIR038C	-1,640053663	-1,0117847931	0,3900824552	0,9026360854	0,1306559938
YKL181W	1,0277871784	0,0318430457	-1,9817229649	-0,9247174379	-0,0689064988
YKL187C	-0,5265466518	-0,8348006558	1,4142935504	0,3689101431	-1,4442394349
YKR056W	0,4116250546	-0,6973686553	-2,7211454262	-1,161462448	0,0714192093
YKR060W	0,5482576315	-0,6872331572	-1,7535794963	-0,6978698973	0,2830216084
YLL044W	0,6369402838	0,1992194467	-1,3872179317	-2,1369453165	-0,1669036462
YLR075W	0,8435018362	0,2150829107	-0,5799817151	-1,3028205478	-0,2210674261
YLR167W	0,6248269456	0,3375320203	-1,1712200896	-1,6198794397	-0,6910858274
YLR171W	-0,2161872653	-0,0322995791	0,4042392388	-0,1443736515	-2,1764838715
YLR175W	0,7750175758	-0,1527577445	-4,6319145862	-1,607063361	-0,1535259578
YML101C	0,003991635	0,3732091791	0,5080214451	0,2284927115	-1,4507889854
YML107C	0,0771758171	-0,3080049718	-2,320885664	0,1425489109	-0,3395466611
YMR070W	-1,3131992957	0,2554429362	0,2663894938	-0,1514616074	-0,4947977653
YMR186W	-1,2723041657	-0,4551407626	0,606187941	0,1130302609	-0,5109241747
YMR290C	0,9608789743	0,0748337586	-2,3813885278	-2,1487731055	-0,1595080886
YNL060C	0,4453965842	0,1984758	-2,1640371426	-1,8899440726	-1,7420112415
YNL062C	0,111461459	-1,844067657	-2,879133123	-1,3849177765	0,1054755073
YNL150W	-0,2144084032	-0,2256650007	-1,7899946363	-0,7191390675	-0,1032470007
YNL160W	-2,9756895161	-1,1117802168	1,104144952	1,1418515594	-0,1262449717
YNL248C	0,8521755232	-0,4390853101	-3,6939507916	-1,9557178101	0,0874157654
YNR003C	0,6013222763	0,6787154458	-1,5201686532	-0,9474017257	0,5914991926
YOL022C	0,6701494095	0,148839078	-2,0569339414	-1,3394313701	0,3001230075
YOL026C	0,1219804586	-0,0617714912	0,0856357749	0,0394843873	-1,3223828355
YOL032W	-2,7523708779	0,5304308176	0,7228520458	-0,185115402	-1,7828530741
YOL117W	-3,8813118412	-2,3355518152	-0,7824394831	-0,0884024993	-1,9265541703
YOL119C	-0,706605654	-1,3749691655	0,2108567392	1,0357863274	0,0801922724
YOL121C	0,7073603061	0,3775358837	-1,4477038484	-1,1778196395	-0,0305324252
YOL123W	0,4919360743	0,0845630316	-2,3064702189	-0,7560337389	0,0283718424
YOL125W	0,4614242589	0,0386146516	-2,2138423034	-0,3455138211	0,2901206605
YOL127W	0,7045815601	0,3048448003	-1,1483473601	-1,5107177947	-0,1000191261
YOR049C	-0,5541041283	1,7105353068	0,3827828078	-0,593367963	-1,0986079638
YOR053W	-1,3944291175	-0,3051180522	0,6072037447	0,007181384	-0,4869556978
YOR145C	1,1104293483	-0,5348820837	-2,3369600451	-1,0603453348	0,2606094352
YOR153W	-1,3241905747	0,1285318183	0,3001063745	0,0754229238	-0,0050977921
YOR243C	1,2171918704	-0,3158628399	-2,891259852	-1,6797732328	-0,9185524768
YOR335C	0,0371382898	0,2922985832	0,0214613314	-0,4158865114	-2,3801386412
YPL043W	0,6675322416	-0,8328611573	-3,3856262138	-1,6997140204	-0,1933044334
YPL143W	0,6171396451	0,2189579709	-1,4286068914	-1,1230296183	0,0287776076
YPL237W	0,5805430205	-0,0873552442	-1,6523351407	-1,4976497573	-0,3728144584
YPL239W	-0,3238782819	1,0320858156	0,1750259787	-1,5316872114	-0,4994998965
YPR142C	0,5434756286	-1,0222987459	-1,0071020931	-1,5217580012	-0,1507413649
YPR144C	0,8455699056	-0,6528742808	-2,981878978	-1,3684961672	0,5438353543
YER155C	-2,0384513317	-0,6249999035	0,2850894916	-0,4790010783	-0,0424955817
YOR359W	1,0838782053	-0,4827280019	-1,8181033984	-0,3561828711	0,4773076065
YMR175W	0,5901367703	0,7159546122	1,3091804999	0,74373968	-1,9048578785
YDL134C-A	-0,0532362241	-0,0606707294	0,1732079991	-1,6714832359	-1,015570577
YBR275C	-0,6475108786	-1,7420095465	-2,1510049261	-2,3637383676	-0,0361755153
YAL034W-A	0,460929909	0,4403255617	0,1296183529	-3,014765699	-1,7894877475
YPL012W	0,7111231375	-1,48895532	-3,8666751349	-2,5474441398	0,277106698
YPL030W	0,5929357992	-1,7653391195	-0,6900563234	-0,8743406049	-0,0942221502
YPR042C	1,8377128717	1,6899533117	-0,8134360101	-0,0551474711	-0,1739780136
YAL015C	-1,289833665	-0,224047873	0,2880730547	0,5975055379	0,2275032619
YAL025C	0,7369793823	-1,2521643133	-2,6416302697	-1,6324160094	-0,2452374076
YBL104C	0,0309387116	-0,1546273577	-4,596519743	-0,0501385443	-0,1460222344
YBL106C	-0,0604523007	-0,0380519383	-1,799264463	0,3716433317	-0,0609893818
YBR083W	-2,6200462758	-0,7405094613	-0,1262879191	-0,5621594407	-1,3150040075
YBR084W	-0,2043260457	-0,5396714501	-1,6741454623	-2,2732780734	-0,3302494394
YBR086C	-0,4793903566	-0,3709729744	-1,1944197906	-1,1611706562	-2,8144241
YCR077C	-0,723857021	-0,4556949628	0,0542381205	-0,4812722493	-2,1523171905
YDL139C	-0,1573402396	0,1296334861	0,3477265218	-1,5213577676	0,041724711
YDL241W	0,9224458519	1,2841549712	0,5745027577	-0,3045008931	-0,1785652009
YDR087C	0,7165949178	-0,0109589552	-1,4008866736	-1,313674475	-0,2541483448
YDR281C	0,326330004	-0,3118630775	-1,6983855484	-2,0479246197	0,6099835827
YDR465C	0,1404789034	0,3027346073	-1,2770613417	-2,0985313799	-0,1182174226
YDR471W	0,5871497125	0,094990481	-1,7396096551	-0,7367357039	-0,1732037539
YEL017W	-0,4260443613	-0,0931765779	-2,06372388	-0,0156391188	0,5023077086
YER035W	-1,5958070378	0,9389020803	0,4308587728	-0,0112628954	-0,687379234
YER037W	-1,3740412551	0,3526148541	0,8579539394	0,5935583876	-1,8168268596
YER039C	-0,2937448481	0,1280245362	0,5069105496	1,7216889494	-0,0817740116
YER126C	0,6076063051	-0,0669713083	-2,1632461934	-2,0918401739	-0,3273412399
YGL099W	0,4577658756	0,1962325755	-1,6257057157	-1,3678142375	-0,3964963455
YGL189C	0,3559771353	0,3136578685	-0,6444253095	-1,4715285113	-0,4623624196
YGR128C	0,5020948709	-0,7844876161	-2,1666405727	-1,3658010046	-0,1587816641
YGR214W	0,5086948319	0,5388590522	-1,3328204714	-1,2858085707	0,1048318598
YHL022C	0,6909551653	-1,6983490665	0,9964051152	0,0156223237	-1,1253309829
YHL024W	-0,3368175978	0,2109856281	1,2751335192	1,0079169228	-0,2267840449
YHR065C	0,5171914024	-0,393019896	-1,9447338415	-0,447415201	-0,0023259867
YHR161C	-1,4825872497	0,2768708616	0,507791076	0,4518565627	-1,037882739
YIL127C	0,5169405863	-0,8966296666	-1,5023808594	-1,2533353734	0,0316315163
YIL133C	0,6140288165	0,4992602373	-1,313449141	-1,1262185841	0,0371247329
YJL010C	0,4592103731	0,5076961929	2,6182683576	-0,3127026051	0,1058574348
YJL107C	-0,6689769519	1,3137262873	0,2889350525	0,152259196	-0,489053298
YJL109C	0,370887227	-0,1988269338	-2,6069173359	-1,7660165304	0,0887670171
YJL195C	0,1441649895	-1,3060606861	-0,0321979271	-0,2415752089	0,1614190207
YJR066W	-2,2013297995	-1,3348348949	1,3541719505	0,7166391079	-1,0710823149
YJR070C	0,8286490264	-0,1924256351	-3,0868031198	-1,9251805325	0,4360954196
YKL096W	-2,6662477684	-1,4003639069	0,6253501141	1,3092487273	0,1375039164
YKL099C	0,5044694915	-0,6060039007	-2,3747058289	-2,1397992679	0,134658355
YKL103C	-2,811213741	-1,1121513978	0,6306282607	1,3261794287	-0,7326262937
YKL191W	0,7237727287	0,0855163819	-1,7209048681	-1,1159394521	0,6590037797
YKL199C	1,3800776901	-0,505949041	0,1308684625	0,3944209446	-0,067855009
YKR066C	-1,468160451	-0,0705320849	0,4835305829	0,7418738955	-0,423420385
YLR081W	-0,1552496103	1,8823544467	0,4488339928	-0,2458419343	-0,7616278859
YLR083C	0,4577243696	0,1386941566	-1,3248485603	-0,5262727416	0,387928649
YLR177W	-2,1544063644	0,8357431042	0,8931042697	-0,0944414141	-1,577019469
YML004C	-1,653207951	-1,0145577345	0,6150698446	0,2900860006	-0,2718097911
YML113W	0,5027797471	-1,3614183947	-1,3082191099	-0,2212910268	0,6795684711
YMR093W	0,6760966075	-1,3613298603	-2,3624362032	-0,5122729001	0,5561288917
YMR297W	-1,6064718443	-0,8056191797	0,4649074648	0,6678924875	0,6499890256
YMR301C	0,3140023871	-0,1734062436	-1,3430507133	-0,6713229067	0,4135917879
YMR305C	0,4463855677	-0,0422977201	-2,7506448439	-1,4451763217	1,0429474567
YNL162W	0,8211249294	0,2688415584	-1,5530861955	-0,8169939041	0,0086768942
YOL040C	0,5237271597	0,5323713203	-0,857046957	-1,6369806673	0,1261918169
YOL044W	-0,2465155194	-0,1841965774	-2,1071347601	-0,0114654586	0,1026110053
YOL139C	0,4954744824	0,3293322511	-1,2987130911	-1,2373833499	-0,2494953693
YOR059C	-1,3833583774	0,1002439468	0,436061095	0,0633786717	-0,240937835
YOR063W	0,407102995	0,2020544191	-0,8100894873	-1,4925631841	0,2982810754
YOR065W	-1,5157006932	-0,5203134611	0,3840126902	0,5476886127	-0,1531801117
YOR161C	-3,5562101087	0,4515053816	1,2731202155	0,8247410753	-1,025434449
YOR347C	-2,8654957689	-0,1862889576	0,5828562862	0,6179978933	-0,6784311036
YPL147W	-0,9197208507	-0,9394825824	1,4543147656	0,5678036961	-0,9298375746
YPL149W	0,1338340972	1,3043234849	-0,4963233667	-0,3325643394	0,3823172516
YPL245W	0,4539840612	0,0655784603	-1,3419644124	-0,4571231595	0,6717289454
YPR054W	-1,8091613452	-0,0630318824	0,0532391542	0,0719337409	0,1181861377
YPR154W	-2,5646736349	1,340445665	1,0494333849	-0,877507633	-1,4705230191
YPR158W	-1,1690884877	1,5204309904	0,6678214084	-1,0148164826	-1,7513492707
YPL226W	0,4524201954	-0,230148442	-2,286009761	-1,4634506873	0,2280979486
YER044C-A	0,3988131879	-0,5327963692	-0,0717545744	0,0011255379	1,3291513963
YLR337W	-1,9432808419	-0,7670175247	0,2282897939	0,7962101691	-0,2947715919
YDR343C	-4,1608792821	-0,2555802794	1,6265545876	0,8456733562	-2,8424098091
YLR106C	0,9186657756	0,4370618828	-1,369273906	-1,5376991647	-0,1475161761
YDR040C	-1,8838426508	0,4154859609	0,4191109714	0,2719864204	-0,8662367959
YNR021W	0,4508131216	-0,7728105528	-1,4711769251	-1,3482646149	0,2482563331
YOR255W	0,6581959946	-0,1996224285	-3,25606898	0,4968003045	-1,13419469
YPL249C	1,9538003357	0,3533410027	-1,3084831986	0,311493437	-0,4553940547
YPL251W	0,6218445046	-1,0318726423	-1,3002371665	-0,2356868564	0,2565876641
YAL031C	0,8406428429	0,5842093274	-0,4040745703	1,2913310379	0,3192270315
YBR006W	-1,0609812416	-0,3604217441	1,5759092266	0,8820377934	0,3081272459
YBR089W	0,9384267291	-5,6164237548	-1,4357128052	-0,9732296679	1,0570905637
YBR189W	1,1920859094	0,2092069701	-1,7951628925	-0,9905284824	0,1042713146
YBR191W	0,6853181258	0,3737272803	-1,4597693889	-1,3633745281	-0,0979890047
YBR285W	-4,1400271589	-0,1934638783	1,7393492074	0,7838924298	-1,9743019792
YCR087W	1,3636435211	0,4500061259	-1,2741656057	-2,1238707194	0,1208900889
YCR091W	-1,4686185253	-0,4880029921	1,1679125837	-0,1425246617	-1,0478010468
YDL050C	1,1766139698	-0,2063348597	-1,5022299305	-0,2838911214	-0,0282472139
YDL060W	0,5774336165	0,1166610838	-1,7557181909	0,259076752	0,1554918119
YDL148C	0,3247655625	-0,2919974481	-2,2170470787	-0,7673647578	-0,2036553259
YDL150W	0,2337047505	-0,4170263122	-1,8702414023	-0,3598045268	0,5494085334
YDL246C	0,0717699544	0,6242401488	-1,33260033	0,2348278068	0,0941150466
YDR380W	-3,7959654467	-1,9898474657	2,1075710998	0,7635307639	-2,0356858839
YDR382W	0,777107739	0,4763543491	-0,3573612341	-1,3259230229	0,2651242156
YEL026W	0,7657805789	0,3064787746	-1,8770392313	-1,7907341528	0,4288272855
YER049W	0,4853453531	-0,4376967351	-2,4217271597	-1,10607463	0,5613880883
YER145C	0,1425327388	-0,1236655758	-0,1697326743	-1,38362106	0,9318124599
YGL016W	-0,008831592	-0,0114741943	-1,4607759614	-0,4335279365	0,2240218787
YGR035C	0,1461955669	1,1017841098	-1,2373616401	-1,6643998886	-1,3545377962
YGR043C	-2,8369679324	-1,518189117	0,9393686251	1,2384807965	-1,0326544655
YHL033C	0,7633533526	0,2512793758	-0,9303449431	-2,2135829662	0,0567232248
YHR070W	0,7535204386	-0,1424871603	-1,5935434179	-0,6545556717	0,4093459705
YHR072W	0,4392031337	-0,3979370629	-1,5322647872	-0,5506000583	0,3935158002
YHR170W	0,730975723	0,0302304135	-3,9151865687	-2,4878796003	0,5258897651
YHR172W	-2,2637086486	0,2734174031	0,1617907659	0,4760572804	0,2670326473
YIL047C	-0,1168424441	-0,2421247717	-1,2669103712	-0,6248995025	0,3901581645
YIL148W	0,6617021086	0,1546437255	-1,0526926467	-1,3444866915	-0,2922251723
YJL208C	0,4824443319	-0,5820087792	-2,0334216138	-0,6718752565	0,4101558018
YKL021C	0,8872769113	-0,5062688607	-1,8133553436	-1,4195257941	-0,0973624427
YKL202W	-1,490030109	-0,6886446217	0,2161254759	-0,4393397048	-0,5821107351
YKR079C	0,6020133559	-0,9204113705	-2,3612942009	-0,087533848	0,4967306327
YKR081C	0,7511994678	-0,5572911052	-2,789059866	-1,3411530994	-0,0826357828
YLR002C	0,9883540624	-0,1481019621	-3,4545279142	-1,4530376264	0,0810016317
YLR096W	0,060012984	-1,7119307357	0,0142451454	-0,3095916079	-0,1854210315
YLR098C	-0,1011961304	-2,5715416456	0,290912228	0,3842227529	0,2513938901
YLR196W	0,8999288192	-0,402385449	-4,6557502376	-1,9392215046	-0,0920335398
YLR198C	0,1498960131	-0,4439106034	-3,8277989281	-2,8432425618	-0,7170902053
YLR384C	0,6061458579	-0,1709667156	-0,8454389458	-1,6049611832	0,2070670535
YLR388W	0,7865603915	0,5067822277	-1,4157408337	-1,4729070988	-0,0859324414
YML016C	-1,5646918998	0,3151610394	-0,6879704969	0,4112011228	0,1786958775
YML120C	-1,2708314697	0,1136655096	0,8918795914	0,407510619	-0,5270176095
YML125C	0,1549083154	-0,1021512056	-1,7245541962	-0,336753611	0,3530761785
YML131W	-0,8233490682	0,4790924698	1,0812093003	-0,6446926735	-1,8487962559
YMR104C	-1,5736632528	0,2251645268	0,7795075848	0,3672170932	-1,3136532471
YMR308C	-0,0049563573	-0,4717689381	-1,5109765978	-0,8244945503	-0,2402544114
YMR310C	0,6238078936	-1,2040620359	-2,9916890954	-1,5344377452	-0,1993943323
YMR316W	-1,3190071522	1,3999072639	-0,8352696734	-0,4394898042	-1,1536478784
YNL077W	-1,3114569146	0,3637397412	0,2806898395	0,6270241664	-1,7259521601
YNL083W	-0,0179458124	-0,6236005596	0,1787129816	0,2259095703	-1,2964409197
YNL087W	0,0406746893	-0,1751387582	-1,598353444	-2,0666689974	-0,2227916751
YNL173C	-1,383890098	-0,8955670745	0,679407862	0,4953048903	-0,8231471066
YNL175C	0,8329662135	0,2765607303	-3,2952360429	-2,0899731273	-0,1749562042
YNR026C	0,0837792253	-3,1867652339	-0,0192049006	0,2152627763	-0,459969483
YNR036C	1,6910259941	-0,1450614364	-0,1703604085	0,6664122354	0,1024577457
YOL047C	-1,5869697837	0,6713324821	1,1696258269	0,5431408411	-0,5738733638
YOL054W	-0,0242725181	0,1445279205	-1,7727648671	-1,7342348806	-4,9270136059
YOL150C	-1,3025009398	0,4692529383	1,0758272508	-0,1519932438	-1,0453868633
YOR078W	0,6899907476	-0,5762200557	-1,2595574487	-1,3167186885	0,0390191445
YOR168W	0,4600043389	-0,0836492711	-1,2740970701	-0,5960516745	0,0187676212
YOR272W	0,7803995249	0,030059868	-4,0275797199	-3,4299975765	-0,8595871665
YPL068C	0,6346335378	0,4629574023	-1,2652880936	-1,0126859895	0,5697840828
YPL166W	-1,6195515284	-0,2220664822	1,2030227307	0,3161454728	-1,3681694368
YPL252C	0,6043101372	-0,2054295418	-1,9189295041	-0,1626194184	0,7358692468
YPL256C	0,4946733769	-0,4385971677	-2,0391544338	-0,5995014874	1,1480984546
YPL258C	-3,3912035989	-1,8228060793	-0,5908880013	-2,0349083649	-6,6943606946
YPL260W	-1,0823890623	-0,0953150991	0,2998818462	-0,5280373481	-1,8900338289
YPR163C	0,8646211773	0,1755235983	-2,6836769915	-2,2138645373	-0,0550958342
YPR016C	0,8651961387	-0,1687834414	-1,527859915	-0,6075499252	0,0122451126
YML073C	0,9217046329	0,3748365487	-1,8033797605	-1,3745134889	-0,2749905171
YGR061C	-0,1399549381	0,3100002037	-1,5510886853	-0,8826304445	0,5020039563
YML056C	0,9053379613	0,0529079393	-2,7369666819	-1,5428080273	0,3128156266
YPR010C	0,5156961714	0,0784935886	-2,6174884805	-1,4657345548	0,3095773905
YBR227C	-1,4727385111	0,3346286377	0,8512137805	0,1932453491	-0,8709381962
YAL036C	0,4875881827	0,007160409	-1,6558239522	-0,7921745834	0,4838044964
YBL027W	1,2514725275	0,1863355386	-1,8116641006	-1,432881507	-0,1986974537
YBR010W	0,4573148804	-0,0513560658	-0,0324845721	-1,6597120701	0,1226630778
YBR295W	-0,3269805993	0,0269516803	-8,1411575228	-0,0907162381	0,0068498854
YCR011C	-1,3692069419	-0,0547024302	0,6904830301	0,0196842857	-0,2020770018
YDL062W	0,762992626	-0,4512049439	-2,1898539651	-1,6237294415	0,2575640583
YDL164C	0,1512156239	0,1412291392	-2,171395763	-0,583777336	0,2166820163
YDL166C	0,6211375024	-0,1649665003	-2,5624897767	-0,4624046852	0,0549215189
YDR204W	-1,4294265054	-0,3364994941	0,8511482969	0,7437020733	-0,1888862168
YDR300C	0,7443263386	0,1774740642	-2,2774703288	-0,9118016505	0,1122149896
YDR492W	1,1806958695	-0,2730720106	-2,3776973759	-1,3843231165	0,3270698888
YDR496C	1,1309385569	-0,5467947712	-3,432344955	-1,8826213729	-0,2623460821
YER053C	-1,6917412762	0,0275778326	0,7183777486	0,4658189076	-0,8589348044
YER056C	0,9815299296	-0,3476160648	-2,8919189905	-0,6191029436	0,4549184444
YER062C	-2,4123883158	-0,2122793818	0,7517098094	0,3935185288	-0,1607549038
YFL054C	-1,5361049918	-0,1444518944	1,415628514	0,5297856628	-0,8393733533
YGL120C	0,80598209	0,0739360496	-2,1859574654	-1,6231942479	-0,0843340681
YGL126W	0,2437017972	-0,3860118468	-1,5416547294	-0,2836691646	0,3976486594
YGR145W	1,0468017341	-0,2024777801	-3,1775483963	-1,6022224372	0,1185789395
YGR243W	-3,0780398086	0,5134929289	1,6402923996	-0,2744571421	-2,6400076056
YGR245C	1,1171384489	-0,2365919746	-2,4873986772	-2,3007166683	0,025191785
YHL037C	-0,1125820043	0,8214892469	1,2821586619	0,0720336643	0,0045483982
YHL039W	0,707585772	0,1625218305	-1,3996928268	-0,8338470941	0,3550449473
YHR087W	-4,500010545	-0,0259800995	1,8200783251	0,1230042408	-2,7758509988
YHR089C	1,2163470654	-0,323232454	-3,2817087028	-1,8216524321	-0,5036011595
YJL033W	0,6412926435	0,0980316934	-0,9770677252	-1,9535738981	-0,281056188
YJL122W	1,3632452481	-1,0299288025	-2,2962272319	-1,4883505767	0,6249805574
YJL130C	-0,1575481811	-0,0284421113	-1,5095743401	-0,2637457172	0,9809676708
YJL132W	-1,708784108	0,0859075243	0,9622165886	0,8871208417	0,2044990892
YJR002W	0,9024845985	-0,0796926583	-2,433114713	-1,2507041761	-0,1841994708
YJR096W	-1,4345693248	-0,4683854705	0,9545001802	1,0069103034	-0,2409184858
YKL029C	-0,3427653652	-0,5558217389	-3,1137766794	-1,3581692959	1,2767000654
YKL216W	0,8001583416	0,0385061343	-2,6496596118	-2,9648445424	0,3939068654
YKR091W	-1,6419472309	-0,5415483473	0,7513673941	1,3192722257	-0,2614118075
YLR304C	-1,659296482	-0,8854583971	-0,0992875003	1,6563884177	-0,4528023388
YLR400W	0,6363667135	0,273086744	-2,4709225926	-1,0201693354	1,493636528
YML032C	-0,6739390655	-1,3188727649	0,6461634973	-0,0915343327	-0,2430687661
YMR001C	0,2897509296	-1,4381893355	-0,7127470865	-0,4977509705	-0,3372144987
YMR003W	-0,208250484	-0,1997840667	-3,6061687905	-0,9826500802	-0,0226116995
YMR008C	-2,1365444871	-0,364907355	0,4815492755	0,5385224895	0,0247144719
YMR110C	-1,3781551886	-0,3106675506	0,6195350856	0,7738562057	-0,7612771999
YMR217W	1,0100871458	0,1019825083	-1,8433276547	-3,0995681696	0,2527547215
YMR219W	1,4992422856	-0,4966687888	0,3938086917	-0,3993290762	-0,0562165117
YNL093W	-0,6828834623	0,028139085	-0,5188003295	0,0498210673	-2,3755337232
YNL195C	-2,0447219947	0,1251317462	1,3396329642	0,3645402807	-1,9194459466
YNL289W	1,315449513	0,6588743777	-0,3105627134	0,3462485523	-0,3410406835
YNR038W	-0,0280572854	-0,5322202404	-2,2603223121	-0,583053601	0,005726201
YNR044W	0,3293430408	-0,5199113098	-1,4022880914	-0,54321706	0,2885452841
YNR046W	0,6754652467	-0,0410215404	-1,432930506	-0,5083377406	0,4316804474
YOL058W	-0,7952383955	-0,2256001511	-1,2896709619	0,7290219681	0,5797642343
YOR178C	-1,8688366757	0,1785516128	1,5228212038	-0,2729240576	-1,3047971727
YOR374W	-4,8649715448	-0,7341090306	2,1097421663	0,9411245165	-1,4353578564
YPL080C	0,690616008	0,5614879477	-2,157946415	-0,0004754796	-0,051319644
YPL266W	1,0379218906	-0,4280966519	-2,958138939	-1,218660893	0,1327182318
YPR175W	0,1833545917	-1,6143143963	-0,0395673668	-0,8858771831	0,031271762
YMR128W	0,4779325568	-0,4248030075	-1,9479529868	-1,7707568466	0,2721385144
YPR070W	0,0826396057	-0,5126453627	-0,0217879123	-0,0534456165	-3,0782238072
YMR120C	-1,9309891913	-0,721457116	-0,4369185387	1,0162114652	0,7957020801
YHR015W	-0,1710580447	0,5980944103	-1,7592241916	0,0385019649	0,0345289526
YMR142C	1,0696848895	0,0221096584	-1,1010615272	-1,6274669582	-0,3645948295
YCL039W	0,6832573237	-0,8738900296	-1,5374192955	-0,7004834391	0,3698248227
YBL020W	0,22677978	0,0194222583	-0,4477368097	-0,2790222103	-1,6397275926
YBL024W	0,6624017269	-0,3413077878	-1,8783416801	-0,898981844	1,9578099549
YBR001C	-1,6614266048	-0,4924826235	0,6822030898	0,4652332771	-0,294420534
YBR093C	0,4904605084	0,1913432525	-1,5190158644	-1,3995446877	0,3984645116
YBR280C	-1,5839385979	-0,023119366	1,0122073221	0,6732942358	-1,0058726922
YDL051W	0,4089941384	0,1662844323	-1,4977585533	-1,2635398225	0,0054394426
YDR001C	-2,7921907861	-0,8368083774	0,9524673254	0,7912628926	-0,942383454
YDR091C	0,60874423	-0,1372642232	-2,439403346	-0,7245570778	0,1345846052
YDR097C	0,0974280567	0,1717660987	-1,0457638406	-1,6212656073	0,5921528008
YDR101C	1,091700729	-0,9144785592	-2,6022812889	-1,5505569567	0,0763750728
YDR385W	0,3775045782	0,2055081314	-1,2719376434	-1,1799895889	0,026488383
YER048C	-0,2421556407	-0,0763297506	0,124127062	0,0999170571	-2,9110680902
YGR034W	0,7834130442	0,0426808942	-1,7570201782	-0,9961832642	0,000521119
YGR130C	-1,7850831106	-0,1125698527	0,9945155788	0,245522075	-0,6135909202
YGR234W	0,7719659071	0,6616674474	-0,8027652137	-2,8512885973	-1,7935850668
YHR075C	0,1857360254	-0,4128631128	-2,0040724846	-0,8666921531	0,1729369534
YHR169W	0,7750654778	-0,1749241558	-2,0148407483	-0,9218300422	0,018668384
YHR171W	-0,4141469271	0,5120547343	0,9659890353	0,3015813571	-1,3919021882
YIL052C	0,8176544645	0,2397922284	-1,0575431383	-1,3360336027	-0,431009073
YJL111W	0,5231752603	-0,3435211976	-0,9522279938	-0,348051721	1,3335313915
YJL217W	-1,2815065031	-0,8540204996	0,4249139977	1,2677764509	0,0556004911
YKL109W	-1,6207713294	0,8812709588	0,2939076297	0,0046101827	-1,0468991357
YLR003C	0,5962504326	-0,5642121633	-2,253788108	-1,6126279932	-0,214613631
YLR197W	0,7903511526	-0,1245079078	-3,6654668105	-2,0420714697	-0,4164812793
YML018C	0,5213852855	-1,0013393202	-1,6178313056	-0,0204245763	0,2649172221
YML022W	0,6378754107	-0,0260380052	-1,6594743193	-0,8674984227	0,0525811833
YML123C	0,9278162051	-2,1556740611	-2,0612897117	-0,3917443883	0,5669936838
YML130C	-1,7007463155	0,2722765763	0,6699414476	-0,7689268094	-0,7886298682
YMR103C	-1,1183388121	-0,7329072978	-0,5530598923	-2,5051113292	-1,5552197534
YMR105C	-6,1224412341	-1,0311205906	1,2533529829	0,950492091	-2,7873735789
YMR206W	0,53662758	0,2496861748	1,3033425704	0,2434571421	-0,8831161537
YMR309C	0,7366331721	-0,5877550299	-1,8391152877	-0,4734861573	0,1302573536
YMR315W	-2,0897892281	-0,7539771265	0,6240835398	1,0593903825	-0,3016042509
YMR317W	-1,8037100466	-0,3912571113	0,3493236435	-1,4627408049	0,026156847
YNL082W	0,1467978443	0,2162985009	-5,5917394553	-1,4764657907	-0,88793581
YNL088W	0,127854584	0,3327544738	-0,229860641	-1,7534714782	0,7444132992
YNL174W	0,3975951009	0,2007130205	-3,5828121788	-2,7854977522	-0,2846053934
YNL178W	0,834652913	0,3779227576	-1,2282946095	-1,9822678414	-0,5613013755
YNL182C	0,8159981585	-0,4505144737	-2,5103862548	-1,5251216173	0,2312958029
YNL274C	-1,5741450369	-0,9832484114	1,2328521015	0,8778189305	-1,0065420727
YOL046C	-1,4437117416	-0,1473791332	-0,3562933363	-0,6925228489	-0,2859231942
YOL053W	-2,1128892079	-0,5902559768	0,7591995196	-0,0015696726	-1,5100888334
YOL145C	-1,6134019259	-0,6140643492	-0,4286667804	-0,1145626784	0,0296268942
YOL151W	-1,829909227	0,4439393564	1,2687084655	0,1806376864	-1,0722898756
YOR175C	-0,0327812233	-0,2556491845	-0,5170829207	-1,3796357511	-0,2284001827
YOR267C	-1,3899549698	0,6728617323	0,6790724781	-0,0382390368	-0,6416713974
YOR273C	-3,1219367667	1,1738798093	1,0278033371	-0,3843122148	-1,7287233718
YPL163C	-0,0241945105	0,0698037307	-1,7836187466	-0,778511355	0,3704891752
YPL165C	-2,9929491476	0,0368216527	1,5695649305	0,3224058007	-3,2181071829
YPL257W	0,129556978	0,7856912535	-0,0460064373	0,5595526857	2,0363269216
YDR236C	-0,0098280698	-0,1607283358	0,2801965631	0,3917111976	2,2852661606
YGL062W	-2,4678140508	-0,9977047425	0,1120347372	0,7345148636	0,2031124257
YML048W-A	0,495875364	0,9207797618	-3,6601716303	0,100193239	-0,2943614588
YPR030W	0,3107623082	1,1581511297	2,091538906	0,2724539075	1,1807152354
YPR136C	0,7771171353	-0,5739343181	-1,5164494862	-0,9393376513	1,3768963578
YNR031C	-1,3278987246	0,055862471	0,5820918031	0,537084806	-0,2062169187
YAL043C	-0,3107270681	-0,7222079233	0,3162064544	0,2871864806	-2,0190196642
YBL028C	0,8769911863	-0,0073376732	-2,9911907848	-2,0759553942	-0,3456450322
YBR009C	0,3335708815	0,23281304	-0,062667355	-1,6204255039	-0,0487161523
YBR101C	-1,1796980558	1,6672875282	0,8383457297	-1,4400469799	-2,1292861059
YBR296C	0,3958054867	0,9564520208	-1,6560559992	-1,0754042051	-0,3518520328
YDL063C	0,7996205241	-0,6778285111	-1,9760716243	-3,2951912773	-0,0664699699
YDL167C	0,5541071879	-0,9247956644	-2,2897516244	-0,6144101609	0,4825211173
YDR103W	-0,4463537026	-0,1298015939	0,2535566205	0,25898198	-1,7753082752
YDR105C	-0,4544973258	-0,0820057321	-0,0189126088	0,7784690892	-3,8455781163
YDR395W	0,1820261682	-0,1611705365	-1,3370894244	-0,5376749285	0,4379977124
YDR399W	0,8349724156	-0,2169182694	-3,0328152556	-1,0851937172	0,255291266
YDR487C	0,0830286685	0,0997957755	-0,5307049695	0,1772269262	-1,3062144976
YEL039C	-1,8400861936	-0,6317160854	1,0819034191	0,1265779982	-1,4837076907
YER059W	-1,2318912136	-1,4008462652	-0,0629975994	-0,0328299025	-1,7764544775
YER150W	-3,2307005311	1,0441355969	1,7169083085	-0,4490636461	-2,5938022074
YER156C	0,5994032098	0,0397025362	-1,6240586393	-0,7843697533	1,5622394331
YGL031C	0,5421555282	0,2192308736	-1,6290037252	-1,6887479168	-0,3544803146
YGL123W	0,8225697689	0,3561281288	-1,9655843795	-1,1824133482	-0,2423269619
YGR052W	-0,916370198	2,3924372477	-0,367212278	-1,3084747858	-2,4537416394
YGR142W	-3,6037124223	1,4888177048	1,1910847327	-2,2082576664	-3,4430817621
YGR148C	0,732754044	0,2235170043	-1,4830330943	-1,3087709222	-0,4079771891
YGR152C	0,3502587698	-1,4215312693	-1,1465586766	-0,716760861	0,0069858019
YGR248W	-2,9528522346	-0,4615935363	1,3355002573	0,9047815926	-1,8661982459
YHR084W	0,2267923309	-0,631509436	-1,2976050681	0,2833832177	0,141326094
YHR088W	0,3852791671	0,1132236709	-2,7635570639	-1,8217264031	0,0865938545
YHR183W	0,4565604333	0,0179907409	-1,1417080311	-1,4305880916	-0,4240946351
YIL054W	-0,3981271277	0,3661027782	-1,3844555605	-1,0738398487	-0,3026043071
YIL056W	-1,1847070196	1,6831825341	0,1423396537	-0,4442077021	-0,7239057741
YIL058W	0,2936912461	0,3691298961	-0,1313723026	0,1117587146	-3,098336951
YIL064W	0,4254024815	0,2587500191	-2,6702401536	-1,076099076	0,492185331
YJL034W	-1,5988924537	0,1416895034	1,1565579216	0,1032992799	-0,2082883846
YJR003C	0,3320277655	-0,1089356387	-1,4341000834	-0,4664146055	0,2386093494
YJR097W	0,3014382341	-0,2001546058	-1,4181167078	-0,7889846598	0,7537778925
YKL030W	-0,2578464873	-0,4413060668	-2,2918325561	-0,4461209145	1,3838547415
YKL215C	-1,9679571767	-0,4541542235	0,08373195	0,1917556641	0,3774451022
YKL217W	-0,311734571	0,2738368782	1,7522717162	0,5068297424	-0,1299164834
YKR092C	0,3102072586	-0,4110945693	-2,6074398996	-1,1201891645	0,3836333682
YKR094C	0,557193561	0,4595740859	-1,531725353	-0,9802652316	-0,2540664179
YLR009W	0,6508306923	-0,9948955026	-3,8217349989	-1,323682253	0,4259019042
YLR017W	0,0412581224	-0,1774096677	-1,8099680082	-0,4161931385	0,4413842992
YLR303W	-0,7804122909	-0,5579277489	-1,5401772622	0,0365636038	1,2770145783
YLR397C	0,1559855036	-0,6508385608	-1,6085743447	-0,1554865886	0,3644026154
YLR401C	0,3769753689	-0,2410002558	-2,9824182577	-0,9973345477	0,3643314067
YML027W	0,3541089006	-1,7112873079	-1,230876278	0,0962433201	0,992814545
YMR011W	-1,3041353251	1,5969274043	0,8516143805	-0,9350793974	-1,6943919368
YMR109W	-2,0634502155	-0,4422708697	0,3402746051	-0,023050332	-0,1985101687
YMR321C	0,5496493683	0,1968471382	-1,4621785249	-1,1137156867	-0,3931216527
YNL002C	0,8228132254	-0,6852917054	-6,2088750944	-2,9219265485	-0,440547002
YNL096C	0,3540854967	0,0271285193	-2,2577483277	-1,0115412536	-0,5958437289
YNL186W	0,2836441278	-1,0442863267	-2,0387372507	-0,6226010246	0,1293255292
YNL194C	-3,1595219218	0,7428172567	1,283431339	-0,7561437293	-3,4520523515
YNL196C	-0,1683912221	0,0705983248	-1,6179054162	-0,3550328186	0,4936035412
YNL292W	0,2532520461	-0,4496419927	-1,6679065466	-0,4194922929	0,1928780354
YNR045W	-0,3957770143	-0,0600679131	0,1645380659	-1,787909599	-0,6064672305
YOL063C	-3,3906635521	-0,1684013449	-0,222632617	0,1055068788	-0,1035199091
YOL153C	-0,8417073044	0,0757344499	1,3717468844	0,3446974607	-0,8013997648
YOL155C	-1,4690152016	-0,5469463189	1,0916867344	0,9895345052	0,232854271
YOR091W	0,3218544772	-0,3910652284	-2,4755402964	-0,779996972	0,4071030361
YOR185C	-2,1206917942	-1,1153995197	0,6684260881	0,9047934386	-0,3007510668
YPL079W	0,4937250769	0,3557961839	-1,7305707698	-0,9123548835	-0,0658452021
YPL081W	0,4236486371	-0,1730521588	-1,9451774968	-0,1322759455	0,2331567292
YPL265W	-1,7340154671	-0,0390003126	0,2889775635	0,8458439432	-0,9346070309
YPR174C	0,1452746184	-0,2525703667	-0,0872959533	-1,4100223771	-0,5811093096
YPR184W	-1,2920684168	-2,2777045696	1,687395356	-0,0080103938	-2,0056271493
YHR007C	0,5195497581	-0,1392838822	-1,7257558118	-0,5454004583	0,2424145078
YMR251W	-2,9558348081	-0,8961055832	1,1757299074	0,9548146366	-1,1930474839
YOL053C	-2,7848362574	-1,2508906707	1,6989187139	0,9776323611	-1,6412260211
YGR162W	0,2868271836	-0,1555183945	-1,5335482175	-1,9529468961	-0,2111096495
YMR052C-A	0,1633237528	0,6639978976	1,3683995224	-0,1711123783	-0,1619819597
YMR143W	0,4867342775	0,2723167979	-1,4774452273	-1,141711374	-0,4322300851
YAL061W	-2,790785078	0,3902631404	1,4279835277	0,0514646294	-2,7785485771
YBL039C	1,0419378981	0,0166604573	-3,3780743055	-1,6580460517	0,0918134087
YBR116C	-1,3836429149	0,0232511297	1,414314904	0,7150757657	-0,8712568709
YDL082W	0,9722528146	0,115010871	-1,7491460597	-0,3397275378	-0,0220843321
YDR120C	0,9367407638	-0,3417055777	-2,6120559095	-1,4083474843	0,0765852932
YDR214W	-2,0151138644	-0,1408606548	1,0373054296	0,3901833408	-0,4116083921
YDR216W	-1,5210395928	-0,0783907783	0,6442376479	-0,0849102991	-0,6751267608
YDR312W	0,6275854468	-0,4227250365	-2,0153641753	-0,5169104822	0,4150403954
YDR412W	0,8311696276	-0,0817344424	-1,6530964498	-0,6550223409	0,2264543376
YDR500C	0,7629200426	0,1713219303	-1,4554326193	-0,8538624165	0,0463438833
YDR502C	0,0171191129	-0,3835846305	-1,6918024155	-0,175303736	0,6869074972
YEL054C	0,9422545756	0,3607848474	-1,3375927513	-0,7675747891	0,1813553724
YER070W	0,3054343213	-1,2994684302	-2,5713550695	-1,0688320812	1,4151883047
YER074W	0,8038734464	0,1920480065	-1,4614502028	-0,8005935092	-0,0088934568
YER165W	0,5785585641	0,1297300352	-1,9445046447	-1,2957594652	0,087731038
YGR161C	-2,0071289906	1,2082516762	0,6567858946	-0,9554375881	-1,5773704936
YGR249W	-2,0751159146	1,5458758076	-0,806914269	-0,5648587938	-1,8348514459
YHR097C	-1,4023733221	0,2962148272	1,044432089	-0,0664839811	-1,1805680461
YHR196W	1,0277836992	-0,8330009686	-3,2806056031	-1,2219458304	0,178494757
YJL144W	-2,4927381151	0,6745486571	1,4519251883	-0,4443505645	-1,443944196
YKL035W	-1,7708349936	-0,5913862663	1,5528396675	0,5263936945	-1,5278900201
YKR011C	-1,330357522	-0,0550951118	1,1179731778	0,2680766565	-1,0004201741
YKR099W	0,4937982302	-1,0071578885	-1,727444658	-0,5881640417	0,1152582513
YLR214W	0,4910133795	-0,6564494446	-1,5003068819	-0,7011299846	0,1834912091
YLR216C	-1,8620256162	-0,4635608635	1,314176593	0,4892343778	-1,0521722119
YLR222C	0,97078466	-0,8584517062	-3,9160248861	-1,0618453518	0,2712908273
YLR312C	-2,6915515055	0,3005345894	0,5077379186	0,1358223302	-0,3782258081
YLR404W	0,4221216486	0,289700909	-0,4070841793	0,1282384936	-6,3027811462
YMR016C	-0,3258129137	0,5488603665	-1,4104018808	-0,9600478175	0,0397272824
YNL007C	-1,5984481093	0,3148576455	1,4945525709	-0,6818223287	-1,1676200333
YNL111C	0,620123684	-0,961033007	-2,1489708943	0,0673481649	0,9276462866
YNL299W	1,2354391534	0,5455792465	-1,6641010913	-0,7158255801	0,4225224169
YNR054C	1,1179738134	-0,0807417622	-2,9495795823	-0,765583885	0,579985837
YOR004W	1,1730161175	-0,3437418038	-2,9515231576	-1,2216304579	-0,1975488405
YOR096W	0,9714451597	0,2923895206	-1,65690673	-1,4297739739	-0,2976530616
YOR294W	1,1255041985	-0,9441012049	-4,4828112422	-2,4701444794	-0,0664593002
YOR382W	-1,5227578952	-1,4180638652	1,3719621613	1,3740437583	-1,8091615795
YOR390W	-0,1587677617	-0,2285487365	-1,2699668044	-0,480799346	0,8797160291
YPL086C	0,8497716907	0,3561175223	-2,5508864064	-1,0838841387	0,3657144557
YPL090C	0,9051080866	0,2552218633	-1,3871359408	-1,9072660483	-0,3718328356
YPR185W	-0,4070198059	0,1428696746	-0,3703158629	-2,6305260784	-3,0321804589
YPR187W	0,7800979816	-0,5553347533	-4,5527955772	-5,3083331408	-0,3887810124
YPR193C	-0,5597154295	-0,4225423448	-0,0076017616	0,1116009864	-1,4217259368
YDL110C	-2,5473762612	-0,7554364079	1,6332025124	0,5694634678	-1,2168341999
YDL112W	0,4837176325	-0,0325319403	-1,7968945163	-1,202217804	-0,1629512357
YHR039C	0,2098948827	-0,2658451783	-1,412039112	0,1205670846	0,1251285889
YMR189W	-1,9262761098	-1,3116494811	-1,2643524703	0,7071105448	0,4032970681
YMR266W	0,0584694148	0,2835875857	-1,4589770473	-2,0366837782	-0,525462885
YAL069W	-0,5967701166	-0,0917292927	-1,5245478488	0,2515640019	-0,2578531398
YJR094W-A	0,1682891999	-0,0234976538	-2,5233086599	-0,7662762087	-0,4469633947
YMR084W	-1,9797014193	0,8772489257	0,0531104881	-0,5641547161	-1,3045818687
YOR008C-A	-0,962785616	0,2087586563	-1,0653396569	0,1866451574	-1,6725108138
YNR060W	-0,3799052837	1,0070345471	1,2715356563	0,0985693809	-0,1551149069
YPL186C	-1,5907754348	-0,6205084977	1,6869656394	0,5453308915	-1,3219341256
YBL059W	0,2938578442	0,2163603442	-1,5202615717	-0,1479565319	-0,0989465467
YBL061C	0,1239442725	-0,2050877729	-1,2776094672	-0,1242085187	0,0082418275
YBR034C	1,0084627372	-1,3245877321	-2,0527084831	-1,0585551111	0,0696058174
YBR126C	-2,3159490333	-0,5395663882	1,1579451111	0,7529559297	-0,9534998252
YBR132C	-1,359369699	-0,3632145319	1,2864823015	0,6306532859	-0,6579211304
YCL024W	0,1699371398	-0,0850133658	-3,5032712021	-0,3846017328	0,1201885481
YDL182W	0,5105679084	-0,3618545357	-1,420781481	-0,9740281939	0,2596522259
YDR222W	-0,4861129989	0,100908553	-0,8378172592	-0,1457848884	1,4787037763
YDR516C	-2,4958232188	-0,0268864021	1,2157326118	-0,21060287	-2,0539428835
YEL060C	-1,6809007312	-0,1181752398	0,96540956	0,804996831	-0,6928965255
YER086W	0,3746959383	0,0078745844	-1,799579882	-0,5401821879	0,4832834564
YFR014C	-1,135805577	-0,5386951306	0,5829871295	-0,4305324906	-1,7458082434
YGL148W	0,5189032445	-0,1000134899	-1,3925278868	-1,3033825535	0,2708765014
YGR079W	0,6738096744	-0,9913182374	-2,1184601818	-1,8918000077	0,5302863197
YGR173W	0,7515391557	-0,1318624717	-2,0628403803	-0,4848701248	0,4209356129
YHR021C	0,6873392577	0,1080953748	-1,3058017097	-0,5623184541	0,1659348262
YHR208W	0,6097265239	-0,0618685647	-1,3677802772	-0,4435164032	0,1096437824
YIL079C	0,6313327827	0,3073148129	-1,7197252125	-0,1625270776	0,4503275826
YJL148W	1,0711606727	-0,2872227613	-2,1454777911	-1,1359895614	-0,2302311173
YJR120W	0,1890873989	0,6303900555	0,3589542666	-1,2974003086	-1,088134563
YJR124C	0,6229825529	-0,3416072361	-1,3784151836	-0,4046324543	0,1530289623
YKL144C	0,6654535015	0,2792726744	-1,4731803379	-0,9275202741	0,1570789639
YKL148C	-1,8594047401	-0,4844721573	0,7259179024	0,1302815204	-0,9709827677
YKL150W	-1,315306185	-0,068751412	0,8764183535	0,1383321489	-0,8517358158
YKR013W	0,0360781089	-0,3737217484	-1,3799275101	-0,528934588	1,1195336053
YLL011W	0,5994271987	-0,0531303325	-2,2966029513	-0,9120429574	0,0111112994
YLL013C	-1,915338102	-0,0412148448	0,3276721756	-1,1568900584	-1,5096296656
YLR136C	-0,8100076889	0,254419191	0,2162297385	-1,167672515	-3,8175684657
YLR422W	0,4588101276	0,3054649146	-0,0052587747	0,196919041	1,9314294212
YML063W	0,775727894	-0,0639938401	-1,3769150333	-1,6304892736	-0,3931852272
YMR026C	0,1089922556	-1,4821701925	-0,085416342	-0,3722220095	-0,4842880442
YMR035W	-0,7855272388	-0,416531389	-0,378780347	-0,2407015653	-2,5026206959
YMR121C	0,3744695406	-0,2618606381	-0,9062077407	-1,6352341493	-0,5728412353
YMR123W	0,058517963	0,1361354535	-1,021718777	-0,6073269807	-2,572376318
YMR127C	0,1386353864	-2,5581298531	-2,0935038837	-1,7144023493	-0,3171819129
YMR241W	0,4605434139	-0,8135819732	-1,9627744996	-0,8749128522	0,2458605696
YMR243C	0,3605659049	-0,2599715354	-1,2690440339	-0,5988995338	0,1918860569
YNL017C	0,0194408198	0,7272610815	-2,1406759656	-0,036237534	-0,8357256786
YNL023C	0,3173058821	0,1373940169	-1,4485220176	-0,727218211	0,0851224525
YNL113W	0,7534038995	0,200492459	-2,724167289	-0,7434001236	0,0512152299
YNL119W	0,3456376873	-0,1913242777	-1,954086875	-1,8791346924	-0,272744229
YNL123W	-0,2855121037	-0,2630853495	-1,5381781182	-0,8167462222	-0,5044025794
YNL209W	0,4372913831	0,2728815876	-2,7379662057	-2,2880972486	0,0366292317
YNL217W	0,2485980951	0,4448560878	-1,5746365887	-0,8928262353	-0,1313807562
YNL305C	-1,8639875514	-0,0309638961	0,4415982841	0,5161463031	-0,6983415667
YNL313C	0,3816807395	-0,4230382215	-2,2886270668	-1,3940286395	0,407069166
YNR066C	-0,4016463267	0,0329561423	-1,4274733132	-0,4718340292	-2,3875442884
YOL080C	-0,0975009522	0,061591132	-1,5410184362	-2,0483635903	-0,4669854595
YOR020C	-1,4277852767	-0,4345645103	0,8470535765	0,8111401714	0,0447690972
YOR108W	0,0785397354	-0,4645914006	-2,6480011301	-1,1420795399	0,2595431761
YOR114W	-0,6875328578	-0,9634508333	-1,219633935	-2,6172808872	-4,2114593821
YOR206W	0,7487701345	-0,2936957333	-7,0951346663	-2,1522804478	-0,1530541382
YOR304W	-2,5398425324	-0,3729251714	-3,1363299788	-2,8981947456	-2,4412060214
YPL104W	-0,4358594141	-2,3859583839	0,2754362844	0,1942423584	-0,2320358672
YPL198W	0,5125037395	-0,0413423148	-1,638712248	-1,0743820395	-0,0871481944
YPR005C	-2,1793250704	0,3862745391	0,6777034516	0,046987413	-0,1399951106
YPR007C	-0,8055435675	0,3727647294	0,0480763841	-0,6924933535	-1,7112803167
YPR011C	-0,5356697943	-1,6890264941	0,2435481908	-0,3034126322	0,1030790361
YPR101W	-2,8585817138	-1,3083846743	-1,9611027429	-1,6299162311	-0,3908299219
YPR111W	-0,5665899994	0,191139828	-1,3753621268	-0,7593604606	-0,3030060497
YDL171C	0,0550692048	-0,3111361053	-1,5157644331	-0,7426019018	-0,2287305409
YFL034C-A	0,8663490622	-0,4691125049	-1,8406011291	-0,2345293562	0,2140617917
YLL034C	0,3749517012	0,4111505054	-3,0700710073	-0,8724129912	-0,1405331192
YNR068C	1,0906017295	0,0249694633	-2,3735318949	-1,697023794	-0,0392948944
YAL060W	-1,9177663914	-0,5661821151	0,4865769896	0,37855428	-0,0913369614
YBL042C	0,4671529062	-1,2408070221	-2,7631755569	-1,3696898602	0,2096288833
YBL044W	0,2196475407	0,411050389	-0,4937896657	0,2693254688	3,4980549504
YCL006C	0,1804826462	0,3685352161	-0,0816823739	0,1778851668	2,2953716632
YCR016W	0,7645593526	-0,0567820709	-3,8326569027	-1,0532873791	-0,2397022064
YCR021C	-2,2175227356	1,7024791487	-0,237194379	-2,23479179	-2,4772923339
YDL083C	0,8006196115	0,4464117824	-1,3349188086	-0,4903935854	-0,0036205236
YDL085W	-1,225427263	-0,8581563921	0,6072088009	1,4995155881	-0,4043677104
YDL175C	0,1916301019	0,1442283565	-0,0449146783	-0,1369547465	3,1252612888
YDL181W	-1,9482486884	-0,258808215	1,1148486887	0,8856821166	-0,0643583087
YDR019C	-1,7522187134	-1,4280080799	0,1424092725	0,9920396368	0,5153447898
YDR311W	-0,0733743778	0,0279728485	0,2775090731	0,0416654307	1,5196039717
YDR413C	0,62752231	-0,1231944955	-1,4772193042	-0,9845731782	0,1308486064
YDR507C	-0,0449715883	-1,3013968287	-1,4628108615	-0,90184717	0,3398686847
YER069W	-1,6594746915	-0,543549156	0,0980488258	0,3295398121	2,1368589737
YFR001W	0,7222060122	-0,3795672166	-2,9085817844	-1,777220712	-0,4286879543
YGL037C	-2,4923688205	-0,2344720335	1,1349638146	0,6826196966	-1,3681100397
YGL133W	-1,4937763388	-0,3301769882	0,1541224723	0,2716922925	3,2136025905
YGL135W	0,1907432295	0,3655908391	-1,2492018788	-1,5572802548	-0,1159364184
YGL139W	-0,0383354988	-0,5097783302	-0,232583118	-0,2242581656	-1,4118134956
YGR066C	-0,1636429773	-0,411867167	1,6167665835	-0,159369557	-0,788369509
YGR160W	1,1470634374	-1,4092824688	-4,4548557136	-3,6686078592	-0,4919352206
YGR250C	-4,0980436592	0,8503159811	1,2784578769	-1,5680253696	-1,7259711401
YGR256W	-2,4558797406	-1,049843678	-0,4282574794	1,147220655	-0,2713140092
YHR010W	0,6352527784	0,0383219352	-1,5340866091	-0,688640734	0,0114019994
YHR094C	-0,2175074555	0,9210377526	-1,8959987118	-1,0077177286	0,4581906767
YHR096C	-2,8563133011	-0,501425003	1,321912309	0,8470024837	-1,795225986
YHR104W	-2,7507259053	-0,1943466357	0,9342410529	0,1904243142	-1,1316062106
YHR197W	0,7789562899	-0,4578446791	-2,020560325	-1,2195466565	-0,3034598363
YJL045W	0,0639216201	-0,7984820983	0,4603877354	1,3197036553	0,2885459031
YJL141C	-1,4414583979	0,4678329953	0,8009445001	-0,0790144892	-0,6073774592
YJR010W	-1,0252570116	-0,0416934673	0,1408789932	0,0698690318	2,7212437861
YJR016C	0,0817242368	0,1570882564	-1,3829192601	-0,938648976	0,5714811221
YKL036C	-0,8466815305	-0,4332883611	0,867179692	0,4505157822	-1,3925905579
YKR006C	-0,5275606092	-0,3639394027	-0,3140985718	0,170813961	1,9673250744
YKR012C	-0,1655435802	0,108910122	-1,2667523144	-0,2614183722	1,0065531754
YLR029C	0,5498482953	0,1989354579	-0,7271139581	-1,4852908565	-0,3039153467
YLR221C	0,4527505115	0,4575069581	-1,6946647586	-1,1591027043	-0,2604287424
YLR409C	0,7036968933	-0,6210220067	-2,8952651518	-1,0935250043	0,4640552003
YLR413W	1,0935223027	-0,3697659576	-2,5904413565	-2,1383102154	0,0900700901
YML043C	0,8302633466	-0,8499209036	-2,4701322555	-1,5348980493	0,3179539144
YMR136W	-1,7882891294	0,634827656	0,5413126362	0,0770033673	-0,2636745766
YMR146C	0,4809702427	0,0160002443	-1,744401552	-0,6265033908	-0,3066502461
YNL006W	-1,6653696752	0,8819121503	0,8594013922	-1,000155821	-1,0854479338
YNL014W	-0,5545948299	0,3295369856	-0,4600487562	-1,9393590285	-0,3103928746
YNL102W	-0,5930467029	-0,9224361312	-2,1748377121	-3,0035520641	0,3854450065
YNL110C	0,8413032576	0,4896636572	-3,42245678	-1,9089000287	-0,4452092074
YNL112W	1,0991476265	0,3974728625	-2,0506866074	-3,4403653343	-2,0811723629
YNL200C	-1,6461377428	-0,221304702	0,7118407395	0,7475012416	-0,6583940008
YNL296W	-0,9472311978	-0,6149446339	-0,8880755145	-1,3921521274	-0,3710391507
YNL300W	0,2679622767	-0,4049967335	-1,3060259019	-0,5612086902	0,8076062454
YNR053C	1,1742712688	-1,5015473563	-4,1634598469	-2,4298191792	0,3547114627
YNR059W	-2,8443580219	0,3919323422	-1,3381952279	-3,3756665791	-2,3529952513
YOR001W	0,6632022299	-0,3016750781	-1,712184622	-0,664665311	0,0153153333
YOR101W	0,6772831168	-0,8613347338	-1,814306673	-1,2949036559	0,2313750175
YOR293W	0,3224419918	0,0120579248	-1,7374836754	-1,3347425851	-0,2237932397
YPL087W	-1,4459101115	-0,2655926911	0,6673085318	0,7539519926	-0,4451397543
YPL183C	0,6685901665	0,3465827253	-1,8552756175	-0,504733551	0,2556381393
YPL185W	-0,2367089156	1,005945331	0,6389218403	0,2679512047	-3,6040286257
YPL189W	-0,1786029781	0,7947341078	-1,158161208	-0,8201805058	-2,1911090894
YPL277C	-3,8070135373	-0,2586556447	-0,8010852464	-0,8283743636	-0,485371022
YMR006C	0,4728268815	0,2992845723	-1,3139330002	-1,2564855777	-0,293061652
YMR158W-A	0,3714124873	1,2817376487	0,7993742387	-0,3957331916	-0,0008105477
YMR173W-A	-1,2952005561	-0,0485469162	0,9957794976	0,7281479997	0,0794381668
YMR194W	0,8009922451	0,4029230595	-1,5271108623	-0,6037280399	0,0481302961
YMR230W	0,5361477578	0,60683362	-1,4404431737	-1,680751508	-0,0101366962
YMR292W	0,2717016492	0,1229613564	-1,2793269924	-0,920844616	0,1678761881
YOR287C	0,8394095261	0,9470173173	-2,1026508221	-1,1519746448	0,1126644545
YOR295W	0,4391617242	0,8378371183	-1,3045590321	-0,1988278	0,8527094406
YPL283C	0,8663814306	0,990455048	0,5685120376	-0,391185844	-1,3844948612
YBL052C	0,2216472856	-1,2848182797	-1,7394637316	-1,7812304833	0,0857886567
YBL054W	1,3739517993	-1,4415609118	-4,1739983057	-1,7559683722	0,5532721481
YBR230C	-1,8858834336	-0,4502501829	1,1632861797	1,0634256584	-0,8318945793
YCL025C	-0,660510537	1,9221602812	-0,5973755647	-0,1057772714	-0,4667647341
YCRX16C	0,7505169693	0,5135963795	-1,521594448	-0,8737120846	0,1369947799
YDL191W	0,0720274185	0,180332472	-1,3772555402	-2,1651507797	-0,5438880525
YDR031W	-2,1142415268	-0,2548569909	0,1444599703	0,0867652189	-0,28301884
YDR225W	0,6720304866	0,2437319562	-0,3899424261	-1,6444977777	0,1248086983
YDR319C	-1,1979985842	0,2560953555	-0,0475184093	-1,4779980907	-0,5001061803
YDR321W	0,7356063243	0,4993132114	-1,3752895162	-1,2493766631	0,1339587247
YDR417C	0,3778142712	0,2821548328	-1,4944252394	-0,653122557	0,1532652025
YDR513W	-0,988662735	-0,1874545438	1,4169547941	1,0176050138	-0,1903847552
YEL061C	1,1875798912	-1,8028547267	-0,3923222882	0,066166045	-0,3951667904
YER079W	-1,3137270851	0,2642741302	0,8834572747	0,1426278609	-0,9289186051
YER178W	0,1213830161	-2,5792902384	-1,1637955275	1,2394906663	-0,1688425035
YFR015C	-1,4818526286	1,3001581261	1,2313826591	-1,1904739944	-1,3176360663
YFR017C	-0,6587950329	0,5988715862	1,3277303607	0,0260847354	-0,1464180903
YGL055W	0,4404153234	0,4688590056	-2,1196432892	-2,2026681505	0,1585895082
YGL147C	1,002885467	0,4983875123	-1,7812821193	-1,8635416031	-0,0232380773
YGR176W	0,4043579729	-1,1046142967	-2,3500234706	-0,9470934876	0,047750029
YGR262C	0,1745765715	-1,2780821116	-0,8200109009	-0,2274249313	0,3554144485
YGR272C	0,8455434189	-0,5312299996	-2,1870391623	-0,8303270979	-0,6607450175
YHR020W	0,3216720394	0,004642607	-2,6715959107	-1,4602811507	0,2482242594
YHR209W	-0,6871447915	-1,158311945	1,0924877579	1,2880942762	-0,3433601205
YIL078W	0,3624574708	0,2758236994	-0,7816319253	-1,4169452257	-0,2868306586
YIR006C	-1,3665034832	-0,8714512145	-0,2519813337	-0,0063406669	-0,0233486827
YJL057C	-0,2367980583	-0,1394182642	1,4610812623	0,471558934	-0,2183147214
YJL155C	-1,0613298962	-0,0635701439	0,694822134	-0,6184276009	-4,4103136577
YJR115W	-1,0161452258	1,2707023824	0,841105861	-0,1350657228	-0,4591073998
YJR123W	0,6812959136	0,4266761644	-1,8126607571	-1,1873604698	0,015152883
YKL151C	-2,5522503604	-1,4188130444	1,4154520614	0,7202332404	-1,9534896758
YKR020W	-0,9868324071	-1,758074015	0,1036989699	-0,383313823	-1,028352555
YLL008W	0,6554648988	0,1244340225	-3,9958544639	-2,5457917488	-0,2840444565
YLL012W	0,1616700786	-0,8315445841	-2,1296986469	0,297644739	0,2989252324
YLR041W	0,2082870512	-1,6096464664	-0,5132835982	-0,8249789127	0,0835678135
YLR129W	0,6508160652	-0,2156519006	-6,9270960779	-1,2780443971	0,2628863648
YLR231C	-1,5098431197	-0,5519278999	-0,0521290188	0,1358567808	0,2535038361
YLR325C	0,5541655055	0,2450188368	-1,3269674728	-1,0482002633	-0,3279968211
YLR327C	-2,6068031742	0,0695437782	1,8223388505	-0,0402872324	-2,1106148192
YMR031C	-2,7800114542	0,1130494061	0,5198858552	-0,0335140747	-1,4639882575
YMR126C	0,2310101664	-5,519302476	-0,2817823345	-0,6406937659	-0,2865577374
YMR240C	0,2833275916	-0,3373691653	-0,4767589811	-4,8684525673	-0,3891995432
YMR242C	1,0471573282	0,2961845185	-2,289681886	-1,555938251	-0,0950468761
YMR244W	0,1862337245	-0,7484613881	-0,3529748894	-1,0045284459	-1,6181021483
YMR246W	0,2221367141	-0,0054259273	-2,1163043864	-2,3767785029	0,2011442003
YMR250W	-3,9437202458	-1,1755727302	1,3261995939	0,8341051621	-1,5252380338
YNL114C	0,9133829046	-0,5987801042	-2,6121820011	-0,9623357467	0,110834615
YNL120C	0,5516215901	-0,4566888308	-2,9811265875	-0,7352144957	-0,2417721135
YNL122C	-0,8516936031	-1,7058546207	-0,7157634314	-0,0230659741	-0,4557649887
YNL124W	0,2916847197	-1,7584738493	-1,1544351054	-2,568746793	-0,2110561031
YNL210W	-3,237081828	-0,8942607202	-5,1807980329	-1,1062279738	0,0535880816
YNL308C	0,376537161	-0,8709826092	-3,2237111224	-4,1030781286	-0,1781499884
YOL083W	-1,8217642738	-1,7916232571	1,6919004489	1,0411349942	-0,0744790229
YOR021C	0,6538151756	-0,015665167	-1,6752000206	-1,5125804987	-0,0496627217
YOR207C	0,2680311761	-0,2482041728	-2,0148551614	-1,0886490014	0,5233253827
YOR309C	0,3762378286	-0,1647915277	-4,7351823625	-1,7810880312	0,0838845837
YPR102C	0,9904768468	0,6999464967	-1,549109871	-1,0751653782	-0,0747151998
YPR110C	0,6712724626	-0,0644068913	-2,7023177112	-1,248583128	0,0251515812
YPR112C	0,6253785644	0,2125369014	-2,822437444	-2,5368636668	0,0420502359
YIL065C	-0,3256884856	-0,104451393	2,680490547	0,8071907232	-0,5769136822
YJL213W	-1,158822404	-0,0406552848	1,5601312545	0,6415882208	0,1189099883
YMR304C-A	0,378451049	0,0206494106	-1,5695049765	-0,689288836	0,3056346797
YMR316C-A	-0,3161368252	1,9261933536	-0,1406179629	-0,3879527978	-1,2066493131
YOL052C-A	-1,8317340428	-0,7113070971	2,3725951652	1,333305712	-1,7055089084
YNL302C	0,5316190776	0,1979463015	-1,9587583321	-0,8800867117	-0,1976026979
YBR046C	-1,6947704376	-0,0171107701	0,8531107992	0,2715346917	-0,4868241301
YBR050C	-1,3658440058	0,4668289155	0,3123763183	-0,0549159972	-0,1636726473
YBR052C	-2,6866246048	-0,2127785638	0,8852976251	0,1391493357	-0,3372958341
YBR142W	0,6856969885	0,0927931045	-1,8679025	0,1450997662	-0,0326194795
YBR241C	-1,9625056059	-0,6021203617	0,5692470251	0,0294566436	0,0081397779
YCR034W	0,4544061303	0,2289479314	-1,4487440472	0,3070757054	0,776951001
YDL098C	0,5357367126	-0,8216154462	-1,2367444925	-1,6238125436	0,3791217314
YDL204W	-2,8571482898	-1,818588163	1,253995332	-0,0390491224	-1,7727024207
YDR144C	0,5168748725	0,2862330071	-1,3781882997	0,038272969	0,3536850773
YDR234W	0,6010748473	-0,0056388967	-3,2076219115	-0,2557515125	0,663979052
YDR258C	-3,2229033369	0,3708138063	1,3926215571	-0,0834277728	-1,9537217906
YER001W	0,5149312163	-0,7898405888	-2,2525643877	0,8955760031	0,8728685341
YER091C	-1,6960752653	-1,4720932727	-2,1720630467	1,0818762616	1,3890091648
YFR022W	-0,5505237855	0,6309895166	-0,0754509579	-1,9736774668	-0,016872304
YGL156W	-2,1694550256	-1,3866823181	0,7375781733	0,2051883813	0,0513843256
YGL158W	-0,7652441006	1,4004070523	-0,1275508434	-0,7629832534	-1,0639941063
YGR081C	0,8158059012	0,3701602821	-1,2634739192	0,0696235421	-2,7116515606
YGR083C	0,3744458558	0,0145839542	-1,4500040688	-0,4367405163	-0,0056468691
YGR085C	0,7660586541	0,3540530301	-1,6247994169	0,0431364871	-0,167147192
YGR181W	0,2443822653	-0,1266694106	-0,1550301543	-1,4388489548	0,102545843
YGR187C	0,6599527865	-0,7735584843	-2,1934456545	-0,139636252	0,0887639678
YHR033W	-0,66553808	-0,2949111741	1,2528914473	0,1196426269	-2,2283118995
YIL094C	0,1716942528	-0,1695303665	-1,2965894867	-0,2119248302	0,6892372889
YIL096C	0,8849001413	0,0541491496	-1,8227569863	-0,5451030889	0,2399430115
YJL066C	-1,4716951607	0,2502359812	0,7369901202	-0,3763213877	-0,5209804224
YJL160C	0,1147524593	-0,2712472797	1,3714636107	-0,9597730927	-0,0086585451
YJL164C	-1,5904807567	-0,1837659422	0,9483010047	-0,6239734662	-0,8098252325
YKL063C	-0,0949412916	0,1898146772	-0,2017757944	-2,0335368122	-0,3710982205
YKL156W	1,0764978741	-0,1278877484	-1,7594041425	-0,1223890327	-0,3659358886
YKL164C	-0,3732684808	-0,4712695968	0,2677872472	-1,8245363887	-0,1601157742
YKR025W	0,7880829057	0,0124791347	-1,2878134477	-0,3780158805	0,1100988179
YLL023C	-0,7166077485	-0,4075894594	0,4263992795	-1,7935781373	0,1303886427
YLR048W	0,2356859459	0,1834552382	-2,2710835034	-1,8601667464	-0,0600423811
YLR142W	-1,98627338	0,4879806347	1,2898293043	0,4824894921	-0,5466566369
YLR144C	-0,4306833035	-0,6407677283	0,5025728282	-1,6074412603	-0,0363746293
YLR146C	0,7562399437	-0,785400894	-1,5581589574	-0,9530620988	0,0917191663
YLR336C	0,6937830861	-0,3141834654	-1,2931851778	0,1198042167	0,4287469707
YLR338W	-1,4935238227	-0,5977810973	0,0128227508	-0,1833535724	-0,3831513955
YLR342W	0,2350951117	0,0155603267	-1,4889453714	0,413541619	0,6825428388
YLR432W	0,3150303703	0,2081179	-1,3100193469	-0,5282053172	-0,2735830202
YLR438W	-2,1438112228	-0,7363041933	0,847247602	-0,511609358	-1,4835740597
YML070W	-1,2820520536	-1,3815101148	0,3173425534	-1,9867946188	0,1746965824
YML072C	-0,3381231114	-4,230135539	0,0452592306	-1,8590671006	-0,4375060262
YML075C	-0,3462753192	-1,8046837376	-0,6890617366	-0,8651517211	-0,018836538
YML079W	-0,3259450781	-0,7799210575	-0,5298509374	-1,8840622651	-0,2996812064
YMR259C	0,3185436593	-0,1610642016	-1,551656865	0,3382670946	0,0886456109
YNL037C	-2,337962964	-0,9144017378	-0,2650543276	-0,9642352832	-0,5271410908
YNL039W	-0,483601359	-1,2846422964	-1,2960604389	-0,6369277603	-0,4526626426
YNL125C	-1,5251612499	-0,503721053	1,113766564	-0,9629790173	-0,4375649538
YNL221C	-0,0731333731	0,0295477535	-1,4328519427	0,426545476	-0,0064824062
YNL227C	0,513854836	-0,275607651	-1,5528607931	-1,2323391697	0,415890331
YOL092W	0,5159220568	0,0680419368	-1,7757758298	-2,5935743172	0,4538081648
YOL094C	-0,0933786696	-0,2375342603	-0,3146340077	-1,591155375	0,1205059191
YOR028C	-2,4968964415	1,3865998779	0,5340644976	0,9610815211	-2,2329980629
YOR120W	-2,1525416298	-0,8916674547	0,965441446	0,5737409762	-1,6520175415
YOR220W	-1,5357104762	0,6585532719	0,7927073466	-0,3301747461	-0,9735186196
YOR224C	0,7382008314	-0,2992706233	-1,4156101808	0,1625579689	0,5588582113
YOR310C	0,792091144	-0,2732324839	-5,2580782426	-0,2300700999	0,1068883972
YOR312C	0,8368934546	0,1528654667	-1,859758988	-0,0646653863	-0,1632015455
YOR318C	-0,1027554103	0,4467979461	-1,3990919841	0,0071711318	-0,1371012316
YPL110C	-0,0668720962	0,9922429095	-2,0591305734	0,0810869389	-0,1510103936
YPL118W	-0,0560567809	-0,2376127585	0,4654681667	-1,5641093408	-0,2652563063
YPL208W	-0,0394300681	-0,6076859472	-1,9742522837	-0,2642312028	0,4340054442
YJL113W	0,3046746284	1,2846382796	-1,8701655998	0,4303570675	0,1788105319
YOL016C	-1,8815245991	1,3792750555	0,3483458008	0,5872059178	-1,6611239329
YBR286W-900	0,3473783605	0,0812327864	-1,3050853226	0,5843559161	0,1924731653
YBR286W-1000	0,3049783708	0,1467749138	2,1993742282	-0,0282105118	0,3209565729
YOL007C	-1,597315308	-0,7123026952	0,8937097542	-0,8392079513	-0,5606473775
YBL075C	-2,5419154925	-1,2201585424	1,3947063985	1,1713305138	-2,0075222413
YBR054W	-1,6118449867	-0,1781448967	0,6110199817	0,1785414089	0,6078239712
YBR247C	0,9584707487	-0,8714686073	-3,0483945153	-1,4897780806	0,4685975467
YBR249C	0,6956608855	0,2043384944	-0,9568919954	-1,4836959297	0,2155165169
YCL040W	-2,7393873411	-0,2987095475	1,2364884366	0,7018495997	-1,0377587111
YCL042W	-2,4033217675	-0,0738731012	1,2920721449	0,9493834897	-1,2116714033
YCR056W	0,7530422343	-0,4101338761	-2,8987318781	-1,2413192305	0,3324229518
YDL014W	0,8752839838	0,1108980424	-2,9054766803	-2,1314838893	-0,1136493486
YDL022W	-1,7031909491	0,6213783694	0,8202981529	-0,3548561898	-0,2525200476
YDR342C	-2,4692971342	-0,1307375902	1,5423663097	0,3612477647	-2,3741427056
YER103W	-4,4267181301	-0,4101339092	1,6619766893	0,1734898527	-4,030249363
YGL076C	0,8196835664	0,1421039519	-1,346590974	-1,7658251349	-0,2228217747
YGL078C	0,9997561058	-0,3586147749	-2,791939233	-1,9930742764	0,0822723909
YGR103W	0,9985853396	-0,1155493711	-2,9365825048	-4,1144021742	-0,42682228
YGR285C	0,48234149	0,1647890985	-0,8846831988	-1,3488974329	0,0696956474
YHR137W	-2,5112916513	-0,6947937257	1,4202099717	-0,2988708562	-1,8718277165
YJR041C	1,0098222217	0,0178480943	-2,4518768273	-0,73650386	0,1507246093
YKL081W	0,6061727547	0,3724949746	-0,7920176816	-1,4850780202	-0,2585243906
YKL172W	0,9523449695	-0,3409815723	-3,3676260168	-2,087262559	-0,5290949339
YLL035W	0,5229439919	-0,3951069773	-1,346302649	-0,5357169503	0,3031678866
YLR056W	0,4899300548	-0,2357534306	-1,9019583383	-0,2924324451	0,8242630847
YLR058C	-0,8045229847	-0,8170859769	-1,1815295562	0,7610784926	1,4162032575
YLR062C	0,897039205	0,2275020942	-1,3716946361	-1,424143855	0,1269500982
YLR252W	-1,1840812224	0,1011085452	1,3603032785	0,4785514309	-0,8794944888
YLR258W	-2,3797612841	-0,2459329944	1,1576480744	0,0629570135	-1,3775725366
YLR448W	0,5398052827	-0,0024582074	-1,5306265066	-1,0333956185	0,1678942294
YML093W	0,6475349039	0,5394413693	-3,0528710136	-1,0241652593	0,1111905066
YMR168C	-0,4602088176	0,3144401174	-0,8363815665	-0,9733832833	-1,6783272289
YNL141W	0,9750461839	-0,2541691507	-2,7337280455	-1,9992350818	0,1983489319
YNL329C	-1,0258839532	-0,8492018	-1,4748421122	-1,4118018154	-1,1460276981
YOR034C	0,0041172522	-0,4244135109	-1,7670951327	-0,2270698587	-0,4115549078
YOR038C	0,2429082417	-0,5055741162	-0,8173906052	-1,5847919521	-0,2986309316
YOR234C	0,4694637492	0,3420861574	-1,6179250558	-0,668076244	0,1904787181
YOR236W	0,4027149696	0,4506026494	-2,0931175383	-0,8437573	-0,2855724929
YOR330C	-0,5414953157	-0,8318143875	0,0684259438	-1,8075573837	-0,0887208703
YPL126W	1,1589444211	0,0102416812	-2,590150605	-5,1724687243	0,9427446331
YPL220W	0,978122071	0,3819170956	-1,2754613156	-1,9227673971	-0,0680989742
YPR037C	-0,6584953786	-1,0617444602	-1,0668175708	-5,9172259013	-0,4210138178
YPR127W	-1,2929554498	-0,5049364493	0,6011224407	-0,1754817232	-0,0360666225
YPR129W	-1,7275797943	-0,3851945348	-0,048436535	-2,8870559794	-0,9931663898
YPR131C	-1,3527359803	-0,4141953534	-1,4160708031	-0,5343991125	-1,0186913302
YOR062C	-1,7431472569	0,365543282	-0,4963110815	0,0812904642	-0,7883725842
YOR173W	-1,8167514012	-0,3716437203	1,1184583935	0,4918326341	-1,7997271264
YPL130W	0,3100716532	0,9921759952	-0,9188626874	-4,8392371513	0,3601184903
YAR033W	0,1748914443	0,1996018607	0,5357879761	1,4413961545	0,5322807435
YBL064C	-1,8147518546	-0,5298856132	0,7694231524	0,7767595738	-0,7939096931
YBL068W	0,7351460617	-0,0327511491	-1,514356773	-0,3916103563	1,4075520509
YBL072C	1,0910601393	0,4746331198	-1,2713052046	-1,1442895088	0,2377897912
YBR053C	-1,3902775313	-0,5479489275	0,7679496116	0,6811756216	-0,1683855675
YBR139W	-1,509424816	-0,4495744236	0,6779967914	0,5279625097	-0,2190703352
YBR238C	0,5146317092	0,191513318	-1,8640011815	-0,7678721946	-0,0240793736
YCL037C	0,4005111593	-0,1090756009	-2,2329637948	-0,9940672291	0,2501245569
YDL199C	-2,0118609624	0,2521659464	0,861757395	0,525857637	-0,4540619976
YDL201W	0,6441817731	-0,4023130963	-1,7625395055	-0,5819050995	0,3936366879
YDR429C	0,7145509121	-0,1159103125	-1,4942148228	-0,6609507928	-0,0761489085
YER002W	0,4115334237	-0,0261649375	-0,5787343878	-0,2435257334	-3,6351431021
YER006W	0,5241708009	0,0464475371	-1,4937226722	-1,4316466434	-0,0347295491
YFL-TYB	-0,4546718079	-0,3728369422	0,3775017119	-0,3314956352	-1,4358766917
YFL002C	0,7355749083	-0,358020066	-1,2887052925	-0,3692762185	-0,1026196555
YGL255W	0,6654107494	0,6247718353	-0,2798191688	-0,3347391738	-1,4408048127
YGR088W	-2,7038187008	-0,0412165186	1,2261658682	0,3025459785	-2,0242430206
YGR090W	0,4237872953	-1,287396263	-0,7149319855	-0,2962314173	0,2480892413
YGR274C	0,2251463747	-0,2880871405	0,148113879	-4,0198504587	0,1108148528
YGR280C	0,7800729519	0,0686655992	-1,1980429986	-1,6434950802	0,0672243975
YHR215W	0,715655319	0,4791079971	-2,0112652653	-1,6223302443	0,0589411187
YIL099W	-1,119448396	0,0859332506	1,6258036597	0,8223991248	-0,7723353514
YIL101C	-2,1778846207	0,0028297435	1,5661787098	0,6290902537	-0,6329119949
YIR012W	0,7211308678	-0,0208626103	-1,3628952491	-0,3424320773	0,2320141243
YJL069C	0,8247588694	-0,8457731921	-1,5617356376	-0,6315492637	0,5457662795
YJL161W	-1,4563747393	-3,5298603021	1,1440814922	-0,1379440377	-3,0436811465
YJL163C	-0,9623944887	0,2366060723	0,7939865592	0,2324676522	-1,3311652082
YJR036C	-1,3987180286	-0,234509152	0,8895286629	-0,1516958683	-0,9231144148
YKL159C	-0,071338644	0,8471097123	-0,0700208707	-1,9517498467	-0,2224994043
YLL026W	-3,5216676204	-0,1071378964	1,5732466764	-0,1122729327	-1,934755002
YLR149C	-1,8391772122	-0,1808414172	0,8117797975	0,1886329251	-2,02283532
YLR243W	0,3972011817	-0,2043207112	-1,9358041117	-0,3034913939	-0,1751219332
YLR343W	-0,1358890922	-0,4775521321	-2,1681221537	0,3990077416	0,8602044004
YLR435W	0,5566065779	-0,2664633066	-1,7904424506	-1,4428503848	-0,0034378289
YML071C	-1,32419551	0,4596317171	-0,906103932	-2,0218789269	-0,4217351516
YMR260C	0,5559511464	0,1708746828	-0,4698059304	-1,3806195974	-0,1829029238
YNL030W	0,2581294473	-0,0536051768	-0,4863700581	-1,3504128162	0,0622940948
YNL036W	-2,0494312622	0,0140509966	0,43079417	0,2405018664	-0,0680408639
YNL128W	-0,3866291192	0,3252279328	-0,2004854543	-0,2089985347	-1,4185541042
YNL134C	-1,3735885885	-0,2312713294	0,5889708205	0,431083208	-0,8739121688
YNL318C	0,6323657461	0,9828625227	-0,1622307392	-3,5171718673	-0,0045926671
YOL006C	-1,5412295568	-0,8703031172	-0,5829876684	-2,1267914733	0,0899552585
YOL099C	-1,8829183055	-0,6402104087	-0,2341382873	-0,080499555	-0,8468609509
YOR027W	-1,5779106098	-0,1809587456	0,8813438045	0,024497332	-0,8464591622
YOR223W	-1,7932793394	-0,1937458266	0,4523936205	0,1632359946	-0,5137203351
YOR315W	0,4153976439	0,0640626159	-1,6277237712	-0,7860955246	-0,1768874647
YOR317W	-2,3435844743	-0,3089645007	0,6471707804	0,385967949	-0,5042577745
YPL013C	-0,9380341138	-0,664965059	-2,3241267218	-0,0722700681	-1,0839915672
YPL019C	0,374986793	-0,2848333867	-1,5688099503	-0,9034114382	0,3328136134
YPL117C	0,2721365076	0,2815218585	-1,823445659	-0,3563237269	0,1037605753
YPL207W	0,5393714253	-0,0075952642	-1,5321481119	-0,7402348654	0,512287303
YPL211W	0,2776494579	0,2980493705	-2,550957227	-1,5006954662	0,0441370849
YPR026W	-1,8160861918	-1,4381348858	0,4952249869	0,7717532903	-0,284978444
YOR313C	0,8167373458	0,857525942	-2,535934892	-0,3610420964	-2,1476497639
YPL109C	-0,6583665862	0,121540732	0,7803746982	-3,8090442491	-0,4851225104
YBR059C	0,5898635771	-0,8489253175	-1,9617539022	-0,96720876	0,2977125151
YCR047C	0,8645263668	-0,4182792607	-1,4369618428	-0,8019355319	0,3243581525
YCR057C	0,6447821784	-0,5342526843	-2,7997883623	-1,3884022828	0,2268311662
YDL023C	-1,6544593865	0,5959402701	0,7643004466	0,1110372627	-0,3238638971
YDL217C	1,420274249	0,2300970124	1,1606573182	-0,1188605635	-0,6829039194
YDR055W	-0,8590906693	-1,1098182804	0,546581363	1,3595398027	0,3477449911
YDR159W	-0,0437504211	-3,1182932754	-0,2557210763	-5,0159513378	-0,8713318102
YDR449C	0,5890363065	-0,7027295945	-2,3936607645	-1,123678295	0,1751445516
YER018C	0,3269673464	0,0890927343	0,0931155778	0,3163538589	1,6519793588
YER102W	0,5961610556	0,2978431239	-0,8639456782	-1,3833749341	0,0649066883
YER110C	0,4534697803	0,1702307739	-1,8339616164	-2,1968589593	0,3132119995
YFR031BC	0,5224886549	0,2079569376	-1,4044797634	-1,1323351766	0,0289523994
YGL169W	0,4933210043	-0,3224122012	-1,3459641497	-0,4260348769	0,4750081928
YGL171W	0,7494801562	0,0857048816	-2,9514477903	-1,3747868396	0,3643666433
YGR094W	0,3509374213	0,1939974504	-1,3522777407	-1,6751206732	0,1008730156
YGR194C	-1,1879483254	0,2893579968	1,4695807469	0,3469954837	-0,3907381322
YGR200C	0,4656020689	0,0436915236	-1,855923626	-0,6059010675	0,4435654509
YIR026C	0,7837125568	0,3205315107	-1,3973556174	-1,2156878504	-0,0187013432
YJL177W	0,6999657317	0,3540334331	-1,2816250427	-0,955567098	0,267791541
YJR048W	-0,2920224159	-4,0034484674	-3,1037328701	0,3070538827	1,2068092079
YJR141W	0,4565496109	-0,1592926341	-2,0255022976	0,1027918645	0,1548237414
YJR149W	-1,021046845	-1,3198840479	-0,0776136399	0,9657474514	-0,5155726808
YKL072W	-0,9972937971	-1,2240742543	-0,3853696635	-2,5688726027	-0,4528591123
YKL082C	0,4789922408	-0,7178031367	-1,7944381174	-2,2455295194	-0,2560433625
YLR061W	0,5054803683	0,1011461935	-1,4550463613	-0,9074836419	-0,1212736837
YLR249W	0,5895882361	0,4275031242	-1,7718972043	-2,1998883066	0,2726990797
YLR251W	-1,2886790331	0,0470206102	1,2549975606	0,4423446246	-0,4425536932
YLR259C	-1,5854012375	-0,8423718583	0,536573627	0,4375296845	0,2928982996
YLR355C	0,465413662	-1,5000409999	-1,8680177304	-0,2150643839	0,2417035401
YLR441C	0,5773711203	0,1361930848	-1,0748229185	-1,4168565699	-0,2759025404
YLR449W	0,4861495024	0,18131783	-3,575720436	-2,0524231001	-0,398499217
YMR160W	-2,0608147557	-0,8942283018	0,4254525682	0,1053363542	-0,6019956563
YMR170C	-2,339734302	-1,4141907742	1,1396022511	1,1334978887	-0,6763846676
YNL046W	-2,7779092498	-2,7875113288	0,0726996786	-2,6283088574	-0,5252480187
YNL052W	-0,5974513251	-0,9470548082	0,1638429508	1,9381873155	-0,2150975697
YNL138W	-0,6054546215	-1,496387095	0,3058656834	0,2670934405	0,1428480083
YNL144C	-0,224802263	1,4567460693	0,9249207477	-0,4126912692	-0,692176964
YNR001C	-1,784699815	-0,7590710675	0,780160561	0,7666121938	-0,8731921656
YOL107W	-1,3223986239	-0,9332746328	0,1436590051	-0,0194002234	-0,0786942766
YOL113W	-1,463759863	-0,0626777459	0,3826847882	-0,3027587025	-0,8655486119
YOL115W	-0,2876096216	-0,1677338483	-1,6614186908	-0,0315359962	-0,4323931772
YOR135C	-1,2850127703	-0,5667843603	0,3658180497	1,0945357241	-0,3820274304
YOR233W	-0,0070625818	-1,3184561856	-0,8234876379	-0,6011939321	0,2756253097
YOR237W	-0,2717202726	-1,3290047958	-3,3392657463	-2,1113988303	-0,9250683571
YPL125W	-0,3105936967	-0,5286775412	0,078945212	0,2008734393	-1,3353188512
YPL217C	0,6823136958	-0,0397004998	-0,6630924954	-3,2651193656	0,4026881059
YPL219W	-1,5248427205	0,329167879	0,5647416108	0,1691316888	-0,3119541741
YPL221W	-1,3293966565	0,5308134442	0,4659531705	0,2652360951	-0,0614515953
YPR132W	0,440597451	-0,1196894802	-1,0954798551	-1,3520085949	-0,2577983214
YMR229C	0,2410080776	0,0113913188	-2,8334526546	-2,3565920465	-0,2854581127
YOR341W	0,3660816909	0,0014936544	-1,6826855863	-0,9255930134	-0,5085090533
YIL093C	-0,3320630382	1,5024782589	0,169582353	-0,5606277932	-0,4952284347
YPL025C	-0,9351192885	0,3256845277	-2,3188281001	0,5950736504	-0,1834271418
