GID	1	2	3	4	5	6	7
YAL003W	0,2468061815	0,582594565	-0,5254145229	-1,5346848369	-2,4510013189	-1,512354688	-1,1572128513
YAL009W	0,473456985	-1,7750397049	-2,0801405288	-2,2538442943	-2,5416318636	-1,4887030442	-0,5719732648
YAL015C	-0,1657574523	1,0523413462	1,423077464	1,862415346	2,5336327132	2,9129426244	3,1549322954
YAL021C	-0,0142706701	0,0338945078	-0,1447052434	0,9776593911	3,7561857158	3,6403913005	3,70246824
YAL034C	0,1121876062	-1,7351565001	-0,2435316771	-0,4457800278	-1,1821292155	-2,1126844403	-2,3542876599
YAL045C	-0,1697146805	-1,7032216372	-0,2012178571	-0,450767139	-0,9605085626	-1,5927955467	-1,9523074931
YAL053W	0,2340459324	1,3677959223	1,4692770066	2,4173676257	2,0592453012	2,0786152313	2,0977594841
YAL058W	0,0284591678	-2,1100005569	-2,1515497047	-2,7072250783	-2,5572188803	-1,7064028208	-1,5423060149
YAR023C	0,4371403022	-2,8423998876	-2,1334018306	-0,8151064552	0,1557648725	0,8153885639	0,8818874522
YAR031W	-0,0878390904	-1,6443142014	-1,4002152105	-0,3792481951	-1,9552656954	-1,2804615888	-1,2422418132
YAR033W	-0,1926632006	-1,8514502592	-1,7598777891	-1,5318387635	-2,4410039993	-1,7946664281	-1,3817888087
YAR035W	0,1302415027	-1,3596631615	-1,3316178541	-1,1729479779	-1,9571624491	-1,4689464881	-1,0721964692
YAR044W	-0,0338134276	0,3424511771	0,233806172	0,7874258214	2,0625712496	1,3775392162	0,9508889777
YAR052C	-0,5867139438	-0,2989666485	-0,4150872003	0,4831789143	2,8299512521	0,6850164248	0,9263954699
YAR064W	0,2156855775	0,172377878	0,303094936	1,9564005795	3,6366255237	3,8757258679	4,0390340256
YBL005W-A	0,0639019815	0,3891508042	1,2823218287	2,0254222329	2,228234516	1,4063838234	0,8198408573
YBL006C	-0,0213277814	-0,3797919189	-1,1081181882	-1,696263649	-2,3643074898	-1,2036758367	-1,2362600179
YBL010C	0,3450717435	0,0377214668	0,7614259237	3,0768689907	4,7105073352	2,3979239296	3,8668655028
YBL011W	-0,1700362126	-0,1506710171	0,1800139243	1,5882945738	4,1388839239	3,1513562341	3,1460051725
YBL013W	-0,0532512282	-1,2866123592	-0,9459790551	-1,5627818983	-1,9478384439	-1,8371616926	-2,1689456108
YBL016W	0,2335514791	0,0291454451	-2,4922111805	-0,6879878994	0,9649666711	1,3442529157	1,611160002
YBL017C	0,227428943	0,5937815321	-0,4573801811	0,3806556369	1,6062115338	1,5309546976	2,4567477335
YBL019W	0,1681683163	-1,8250914219	-4,0053140626	-3,1573723423	-2,7052826233	-2,5070190167	-2,9170377937
YBL025W	0,0089045133	0,1725442645	-0,2833134691	-1,4306327891	-2,1873425502	-2,0240849225	-2,5568833732
YBL026W	-0,2444736506	-2,3195044422	-1,350818856	-1,1059071352	-1,9515032489	-1,0521020269	-0,9345959362
YBL029W	0,0941105138	-0,5061555245	-0,6155785502	-1,1601924118	-1,9482540192	-1,4281597211	-1,9428823059
YBL031W	0,1443959766	-2,0663219793	-1,137619727	-1,398510404	-1,764841335	-1,0526382585	-0,3883366927
YBL032W	0,0355581739	-2,1818053127	-0,6617748778	-0,4220912266	-0,7353286364	-0,3487598543	-0,6077097774
YBL034C	-0,1534805367	0,2114892456	-0,6866491298	-1,7626984187	-2,3532410223	-1,4223532991	-0,6079690394
YBL036C	-0,0467949344	1,1165974737	3,1048831133	2,5628737219	1,9866577434	0,7805712742	0,5732017307
YBL061C	0,3644921708	-3,2857043111	0,051318876	-0,3384653493	0,235996731	0,361828224	0,5523122448
YBL096C	-0,0201574778	1,0503953909	0,4664506343	0,582620341	1,7325136829	2,0698367421	2,1159149072
YBL097W	-0,1923701113	0,3057970222	0,4618468543	4,2046745926	5,9545993039	4,1572067153	4,6955057291
YBL098W	-0,1181308032	0,3805923569	0,5367719022	-1,1611073579	-2,0027018013	-1,2325531832	-0,5605077156
YBR003W	0,2377444698	0,5668336509	0,2814304039	0,7728830763	1,9992093175	2,5477823704	3,0918495246
YBR007C	-0,4810175065	-2,5878330677	-1,0479565684	-0,3947396071	-1,0730653936	-0,3141942816	-0,6260351253
YBR012C	-0,2467203536	-1,0722245841	-1,0733050191	-1,1026936208	-1,984670687	-1,31625793	-2,3354193967
YBR012W-B	-0,3692216759	-0,5411158588	0,0834018719	0,6723785821	2,2949634147	0,8742102963	1,8498441211
YBR013C	0,333670895	0,0321187859	-0,0297165711	0,986088284	2,3599787354	2,284553433	2,5192513391
YBR014C	-0,0256681202	-2,3863270057	-2,1881855422	-2,5619101396	-2,6026222707	-1,7278038914	-0,9287749994
YBR017C	-0,0369164527	1,1371793828	2,1232981303	3,3901384733	3,904161179	3,4959226498	3,5654925371
YBR019C	0,1908071955	2,1743176011	1,858784028	2,7137999961	2,5841023768	1,860091852	1,7296115597
YBR028C	-0,0987596032	0,4546711979	0,1748503342	0,9744033579	2,5025403504	2,1914001294	1,6936082676
YBR029C	0,1153611285	-1,2010561632	-1,4915887678	-2,5190530459	-2,9544463668	-1,1824968279	-1,4894201055
YBR055C	-0,2443244527	-0,0700149565	-0,442652179	-1,4097067681	-2,0178812717	-1,8160518461	-1,6486948489
YBR064W	0,699181388	1,2457672088	1,4476620205	1,4273218229	2,5346037761	1,6584944135	1,4281352953
YBR065C	0,0561806384	0,7427490363	0,9006361529	1,1784942629	1,953072648	1,8659072614	2,3892256337
YBR066C	0,0110424147	-0,1308997607	0,9618827274	1,6690508154	3,9363955996	2,6371883901	2,9799479421
YBR080C	-0,1129709729	-2,4896985009	-1,6882025463	-0,4148393484	-1,2944890067	0,1025034311	-0,2798650158
YBR083W	-0,0214889577	-0,1104026512	0,0742437892	3,3278056407	3,9735261011	2,1974145459	3,0919185245
YBR089C-A	0,2424598835	0,5970778441	1,011115496	1,6602006569	2,3714307123	2,4171107804	2,013759392
YBR097W	0,2245206383	-2,0653441533	-0,9513513619	0,1866909532	-0,857190439	-0,0659489045	0,142663385
YBR098W	-0,2603328188	-2,0743204173	-0,9517980779	-0,0900805213	-0,673013031	-0,2266397948	0,0969845271
YBR099C	-0,2112798143	-1,2018285711	-0,121923163	1,4320863531	3,2132477963	2,6273242726	2,5067205488
YBR116C	0,1956996273	1,3993715381	0,0826468461	0,7164567932	2,580356412	2,3958981015	1,953155221
YBR118W	-0,1418961773	-0,1015588109	-1,7107120028	-2,0464761618	-1,9745165744	-1,7740089274	-1,9311326175
YBR125C	0,0559299758	2,2674850724	1,3186752452	1,3206528665	1,2080316591	1,0457577023	0,6932189842
YBR157C	-0,0957763267	2,4557001311	-0,9586142632	0,731643323	0,2682085921	0,2712485764	0,6480851975
YBR173C	-0,3665970713	-0,7910989198	-1,4158809699	-2,1372939684	-2,0008005198	-1,695150697	-0,258720956
YBR179C	0,0315490223	-0,0345966212	-0,1908281727	1,4004881657	2,9207627183	3,1770878262	3,5417947852
YBR190W	0,0655505458	-2,8998987142	-0,9056635451	-0,4138866034	-1,2918632141	-1,158021406	-1,1225588825
YBR195C	0,0837402282	-2,5776519246	-2,1461339364	-2,6143715297	-4,066492507	-0,4302336135	0,5456569563
YBR206W	0,2216279641	-2,5482402587	-1,500355319	-0,6885430942	-0,8866094091	-0,1831577531	-0,3279055104
YBR207W	0,312851098	0,3864736028	-0,103158032	1,4883357966	4,1026457311	3,9033149895	4,2341701179
YBR213W	0,2725771148	2,1968605588	-0,9721381173	0,5174593267	0,4101747649	0,7425397165	0,8051230082
YBR218C	0,0974481263	0,1633165775	0,8100146874	2,5510225558	4,4177411011	3,6140377712	3,9095660254
YBR221C	-0,1038765952	1,4767635391	2,2566460797	2,1241700607	2,0862650364	1,0748132021	1,478626374
YBR224W	-0,0412554974	-0,5420584078	-0,5378220173	-1,9897915868	-0,6175721622	-0,2042488767	-0,1105140911
YBR226C	-0,1787632538	2,3341364712	2,5439010816	2,6484339051	3,0518268981	2,0870621423	2,316588506
YBR228W	-0,0874723543	-3,6042964236	-1,7782424286	-2,9194203527	-3,9215803692	-3,5158875519	-2,760335354
YBR229C	0,1775500722	-3,2841809287	-1,5310101572	-2,8602409194	-3,5566378325	-3,4908154841	-2,608320235
YBR232C	0,3400170393	-2,5138435011	-0,484112404	0,15733835	-0,7568776301	-0,6264455542	-0,8982575611
YBR238C	0,0667417348	-0,6335990516	-1,5923292183	-1,42051549	-1,9737121039	-1,7149104428	-1,2816480447
YBR250W	-0,2452937684	-2,7404326971	-1,1982745325	-1,7072397393	-1,8821644441	-1,0271530262	-0,465895877
YBR253W	0,4081876088	-1,1311232211	-0,0890583337	-0,1628945911	1,518499983	1,9118893298	2,0440678731
YBR274W	0,104994425	-2,932422804	-1,1475892606	-0,8700627811	-1,3794748293	-1,0882242733	-0,6162719918
YBR276C	0,0903391786	-2,6318276265	-1,0581585418	-0,9559282947	-1,8224028894	-0,8264202384	-0,5779202314
YBR280C	0,7125673029	2,185544573	1,5234414804	2,1595214576	2,4251849144	1,9979754455	1,9239032815
YBR281C	0,1830198741	1,4815003852	1,6399107411	1,2465003527	2,1858454356	1,2860171193	1,2015647049
YBR291C	-0,1371900191	-2,3295713438	-1,1413352147	-0,4995075454	-1,7160311893	-1,1623611588	-1,1182729126
YCL005W	0,1965555444	0,3101274187	-0,5959576812	-0,8971342255	-2,0694872121	-1,5562885654	-1,0763304191
YCL007C	0,0279937595	0,3393657885	-0,7111058163	-1,3896271416	-2,6943092105	-1,9942766835	-1,3967202344
YCL030C	0,0551924603	0,1697871768	0,1531706358	2,1300659301	2,334115772	4,0619032462	3,3657967879
YCL031C	0,1845788721	0,3182201342	0,746522803	2,2894254468	3,7429655395	3,94529775	3,0138252302
YCL034W	0,1846453061	0,3330057592	0,494435773	0,4907083247	1,1940353979	1,6306512002	2,0343812131
YCL049C	0,039553552	-1,4474776278	-0,6754070077	-0,7401438014	-1,6494070659	-1,9484572666	-2,187734504
YCL053C	0,0028388124	-0,2879331507	0,4039070262	1,7830506637	3,5947420047	3,1209590039	2,9412093557
YCL066W	-0,0707514985	-1,786808735	-1,1534925671	-1,9321188128	-1,7880502671	-1,5724008978	-1,9190389196
YCL069W	0,1073224284	1,0367961064	-0,1779404474	0,3884849645	1,8337032788	2,8521594134	2,9181141919
YCL076W	0,1333882945	0,3427504951	0,0580861427	0,8020931281	2,6280613186	1,6248589845	2,0007831457
YCLX10C	0,0079753948	-2,756219248	-2,0966292305	-0,4781365076	-2,060158736	-1,8978048917	-2,0511153891
YCLX12W	-0,2400209055	-2,5146583176	-1,5267105781	-0,0794881391	-1,4874366438	-0,8622824733	-1,0057895669
YCR010C	-0,269885532	-0,7099005746	-0,004186981	0,2031920378	2,6058129041	2,8025113782	2,7393836082
YCR011C	0,203931837	-1,5565523537	-1,0452126213	0,448138776	2,2704595532	2,4095336278	2,1466193211
YCR012W	-0,0870752057	-0,9958738676	-0,6788013876	0,4269182008	1,6223146172	2,0032418207	1,9232057296
YCR015C	0,0240110035	1,407549023	1,4745040493	1,6231183595	2,4672158395	1,4433184157	1,0589924883
YCR023C	-0,2766071709	-2,3786811821	-0,9832134983	-0,0559193991	-0,751685909	-0,5941185568	-0,0573106749
YCR024C	-0,1163256368	0,8510849214	1,0833805122	1,2080555701	2,2098863561	1,7503816114	1,5198878049
YCR024C-A	-0,191476638	-0,1589069629	0,4601532124	1,0738061004	2,0354537323	1,5597452398	1,3131897401
YCR038C	-0,1247989264	0,3484380062	0,8949227309	1,0348887202	3,1452505973	2,5220845478	1,9237552348
YCR040W	0,1513388141	-2,3001991768	-1,7559118824	-1,60832069	-2,4378919604	-1,4731328926	-0,971991781
YCR041W	0,1470648196	-2,173638311	-1,8809601829	-1,9773736075	-2,1352534835	-1,24520042	-0,287434091
YCR043C	0,0384360439	2,5496382908	1,4265771143	0,8420559964	0,4001389171	0,6344455974	1,5093413061
YCR044C	-0,2449061054	-1,6039533615	-0,2092816592	-1,1454562663	-1,8234394183	-2,1125971756	-1,8711959567
YCR061W	0,1797928808	0,3999233924	1,6251350119	2,046038446	3,2254194736	3,206911817	3,2140588557
YCR072C	-0,352752429	-0,4583473159	-0,094421707	2,0479336044	4,2003306335	3,1934171389	3,8215691695
YCR073C	-0,2329243446	-0,1621727214	0,1237853372	1,3578387029	2,4023797459	2,3359507431	2,1663237646
YCR088W	0,098811738	-2,1636038525	-1,5633002669	-1,0766051011	-1,446251917	-0,8781688302	-0,4357437089
YCR105W	0,3684405002	-2,9707629558	-1,6607143641	-0,469596017	-1,0446611036	-0,395184942	-0,2610264108
YCRX02C	0,3030367217	-2,9531551384	-1,6467528701	-1,0256594269	-1,1023314556	-0,0016029746	-0,1444204033
YCRX03C	0,0217292334	-3,0356232443	-1,5605581547	-0,772285568	-1,3508926407	-0,794348271	-0,0022690622
YCRX04W	0,0706075698	0,2841814451	2,049283881	3,2187498088	3,6805542747	3,9593307181	3,2410986339
YCRX05W	0,0715616886	0,2490629562	-0,0744118785	1,7608619681	3,4747820544	3,9262217928	4,0978262694
YCRX18C	-0,5267197453	-2,5899381758	-1,0500938272	-0,5439573866	-1,1392104093	-0,3496755019	0,4395278085
YCRX21C	0,3131369694	1,9094488429	1,9955569014	1,1338109094	2,0223735844	2,3210796414	2,1282143004
YDL006W	0,3058236187	0,4714343459	0,8028332994	0,9048346493	1,6701959562	2,0149545392	1,8193556278
YDL016C	0,034931819	-0,5881946158	0,2221123591	2,1957774417	3,9703662733	3,1373224553	3,0000424458
YDL017W	-0,2026450974	-1,0652348085	-0,3484603815	3,6129273387	5,2918092406	3,759483987	3,8726105355
YDL023C	-0,2526525956	1,2807266996	2,0480251772	2,8836927908	2,758386865	1,5715473957	1,0939210592
YDL025C	0,04605034	-0,5489362842	-0,7738386263	-0,7345624993	-1,5199453359	-2,1611461592	-1,8984971698
YDL038C	-0,2523332956	-2,4730849995	-0,6600249487	-0,5260103586	-0,8305309698	0,0633576536	0,152377407
YDL043C	-0,3827430498	-2,1774341577	-1,0691491222	-0,4527026036	-1,1892750393	-0,3214285065	-0,4663400226
YDL044C	-0,0677965077	-0,0971454347	-0,4204250437	-0,2162538123	2,1894547418	2,045153129	1,7604364779
YDL052C	0,0309429374	-0,9254936013	-1,9723041622	-1,4983212755	-2,5165979296	-0,7795312663	0,1126027898
YDL053C	-0,0126660983	-2,0424830819	0,0811580859	0,0303061621	-0,566932628	-0,0481229556	1,7049685421
YDL064W	-0,2547557198	-1,4674289553	-2,9244711698	-2,9277589829	-3,3437324157	-3,1487179861	-3,4767623234
YDL066W	-0,0409171137	-0,0422585675	-0,0399434077	0,0418512937	2,05956526	1,5472291909	1,2027584555
YDL068W	-0,180505382	2,8009615819	1,6380264427	0,896205922	0,2242241026	-0,0216272939	0,1345625099
YDL069C	-0,2555554472	1,3794620329	2,151829445	3,8124097381	5,5910462317	4,8015856963	4,6643457279
YDL071C	-0,2805705879	-2,0400837199	-1,3022512246	-0,4784627073	0,9510775403	0,8883980878	0,2739488999
YDL074C	-0,0090481033	-0,2886972788	-0,3378707043	-0,9158757476	-1,5265095152	-1,8179967127	-1,9756512797
YDL077C	0,015003395	1,0586731079	-0,0412690857	1,0984459335	2,4657202977	2,2639602644	2,4634263196
YDL084W	-0,3567324064	-0,896619579	-1,3160418842	-1,2728245803	-2,2643787674	-2,1699679067	-1,8152651349
YDL089W	-0,3331584747	-1,7999483673	-1,9662760547	-1,7426524925	-2,5267334287	-1,9657676775	-1,4486399662
YDL090C	-0,1614235503	-1,8796778256	-1,9061081148	-1,5760370282	-2,4184104128	-2,0606941748	-1,5023986526
YDL093W	-0,2703217809	2,3369877232	3,3930004608	4,3543124941	4,9072162031	3,882552298	2,9763498788
YDL111C	-0,078718591	-0,8130111507	0,3080239331	-0,401626774	-1,9700540403	-2,1923394904	-2,2192346462
YDL120W	0,1213811962	-0,1472608588	0,1749495441	2,2714975653	4,3587460177	3,6830177289	4,0231761437
YDL121C	-0,1056777231	-2,1637189143	-1,1463106112	-1,7097371015	-1,3756907024	-1,3004336245	-1,1806613371
YDL128W	0,0025573949	-2,0095011	-1,4959896499	-2,4215682785	-3,5432405141	-2,9611968247	-3,3042482965
YDL130W	0,1243966569	0,593142241	1,8497001581	1,8659826079	2,1241263417	1,00161282	0,692980979
YDL133W	-0,4795595596	-1,1173211629	-2,1641608184	-2,1252083111	-3,0284663871	-2,4249191187	-2,9358415834
YDL137W	-0,3182411905	0,7054745129	1,2345689755	1,5621299536	2,2992273435	1,7717503845	1,3783192587
YDL138W	-0,1441522019	-2,0459734734	-1,1122309249	-0,198064741	-0,9744567752	-0,2809743974	-0,1931710863
YDL142C	0,0053771007	-2,1440702449	-1,7633053908	-1,6293374064	-0,9223382261	-0,3497469584	0,072008075
YDL143W	-0,4861223968	-0,4897627745	0,0827490435	2,1086232831	3,5801511917	3,2077597897	2,888246499
YDL152W	0,1354708429	-0,1532407727	-0,6636969482	-1,6120766105	-2,4145974926	-1,9850138173	-1,8986434452
YDL155W	-0,117581912	0,0218519389	-1,315843635	-1,3790341302	-1,9016818823	-2,1840418718	-2,0476375453
YDL161W	-0,2340118152	-3,5003394015	-1,6832326291	-0,6190387427	-1,1885612536	-0,4652459704	-0,1790469662
YDL165W	-0,4825224187	-1,9957138269	-1,1737193021	-0,1370399121	-0,598906906	-0,6280723171	-0,4266804399
YDL167C	-0,1823381839	1,2990910746	0,2690534572	1,7453732411	2,5090798675	2,2024135087	1,42894083
YDL174C	0,3116157668	-0,520888201	-0,8689152496	0,1112271626	1,7092972598	1,8545410041	2,244714558
YDL179W	0,0965808789	-3,2405151313	-1,9483406562	-0,7053320252	-1,1349148015	-0,4368455531	-0,4631719329
YDL181W	-0,3976911807	-0,0630349981	-0,5139556059	0,9053076037	2,6008668524	2,327998656	2,0522504943
YDL182W	-0,2040815997	0,6283786446	0,3339119725	1,7653591739	3,8538134975	3,604448025	2,8987040783
YDL184C	0,0252584214	0,4986239548	-0,0605553453	0,357927753	2,0251768692	1,5789487731	1,0311999408
YDL189W	-0,1437752454	0,5586816423	0,8578769073	1,8571320199	2,3530532124	1,31379654	1,5046770253
YDL190C	0,1156658658	0,4322760669	0,4075095625	1,3151194372	2,2331280575	1,283914051	1,2946032569
YDL191W	-0,1357583151	1,2139948739	2,8736177532	3,9661514422	5,3350460001	4,0757877433	3,7891962744
YDL195W	0,1569303483	0,9882297223	1,0632246142	1,5515504341	2,9940226922	2,5626701175	2,4383029143
YDL196W	0,0382317657	1,0998266916	1,7070735069	2,3585536317	4,5405921682	4,2636290139	4,5907978072
YDL201W	0,1211782381	-1,2883545781	-1,9832453477	-1,8831044221	-2,0329613168	-1,6143153978	-1,2046872415
YDL203C	0,3162280101	-0,595718149	-1,5153528573	-1,2620419702	-2,1643789149	-1,4244938978	-1,3358901103
YDL207W	-0,1798029631	-0,3891720596	-1,5032791037	-1,8468211578	-2,5412244618	-2,3044153257	-2,01273967
YDL225W	-0,031680576	-0,3677441915	0,0477486329	1,3561277834	2,6202719728	2,2001453681	2,183287355
YDL226C	0,1343922894	-0,4024513662	1,3207274949	1,9462090568	2,8001857266	2,0719285712	1,7116458055
YDL231C	-0,3277204926	-0,4761614672	-0,4832479346	-1,1546097705	-1,9822657361	-1,9524272562	-1,381469789
YDL232W	-0,6246444305	-1,0569662938	-1,2335617567	-2,0044619516	-1,725882615	-1,401609662	-1,2849697001
YDL233W	-0,4662807644	-0,9830978556	-1,1877327649	-1,8738643484	-2,3057931708	-1,3594030258	-1,1607217364
YDL238C	-0,1565853095	0,4344516554	0,048139961	0,6271162985	2,1205427545	1,6620788357	1,8463893451
YDL243C	0,0340679187	-2,0732895918	-1,0904590878	-0,1627874171	-0,7547549776	-0,1815882214	0,1128370894
YDR001C	0,1274090863	-0,1294471765	-1,4132512509	-0,8176626551	-1,5843241088	-2,4051215641	-2,5398260513
YDR007W	-0,3121820479	-0,5675127428	0,0053995411	1,4569032271	3,4204983498	3,0723881339	2,7774713547
YDR008C	-0,1876178843	0,3448107445	1,4197376204	1,9216094098	2,2231940031	1,137738498	0,9892840976
YDR010C	-0,3103111785	1,1578950348	1,8601963085	2,0884672879	2,625437005	0,6083723498	0,7294724071
YDR013W	0,1491314579	-0,2863717683	0,2311035736	1,0148705034	1,9641117778	1,8770856215	1,1807019359
YDR014W	-0,0661904765	-2,6107585937	-2,1124680269	-1,3287709811	-2,3090976625	-0,0643813102	-1,2172217889
YDR021W	-0,151623152	0,9550774479	1,082125287	2,0983998799	3,0028524475	2,8371085029	3,3219075903
YDR026C	-0,1481302325	0,1373714516	0,0316495977	0,6210059238	2,3651814567	2,0023026461	2,1538446696
YDR048C	-0,2986472784	0,2104609586	0,217650351	4,1411861944	6,3194568258	5,0509634277	6,5910271693
YDR049W	0,0994091999	-0,0140850798	0,6588777174	1,1634950893	2,3578578611	2,0529701154	2,4323949093
YDR056C	0,0024300231	-0,9684141941	-0,2262824816	-1,1249699358	-1,869305433	-1,8258683921	-2,0020851988
YDR069C	-0,1589664082	1,0931040697	1,2848312989	1,6659240248	2,19430628	2,9020090072	3,3180693643
YDR072C	0,1939285474	3,9889208963	1,9966993999	1,7284609398	1,3649364421	2,1345273518	2,8891030678
YDR074W	0,0610896096	-0,999002213	-1,8153326899	-1,1845184263	-2,2159955079	-2,3324172868	-2,6150217964
YDR076W	0,1879175176	0,414539756	0,3456237393	1,9942208495	3,8335962859	2,5794996744	3,03401606
YDR080W	-0,2347822413	0,5156005246	1,205706259	1,9724193359	4,3464616618	3,674027304	3,6532908435
YDR081C	-0,5791312146	0,4276612644	1,1085788927	2,3460744574	3,8686529011	4,0470188727	3,1374237905
YDR100W	-0,2092753911	0,2289035991	0,5947705444	3,946562908	4,9492385969	4,2950166256	4,951326385
YDR101C	-0,2950543008	-0,0619101934	0,5033873014	4,0494148127	5,1044547242	4,9248783603	5,3170623976
YDR105C	-0,2883870354	0,4438430808	0,8162825237	1,5952441894	1,9660249972	1,1697361703	1,0767453399
YDR111C	-0,3813643183	0,1095070798	-0,1424653769	0,8052545093	2,0120331612	1,5794451421	1,4945995791
YDR115W	0,0125556086	2,6217018046	3,9870880653	5,0198269506	5,298164559	3,9474655293	3,9492921768
YDR129C	-0,1772019716	-3,371773665	-1,5777786816	-0,7573916458	-2,1238968805	-1,5010682939	-1,2741176259
YDR147W	-0,0309091851	0,2113629399	-0,5464061033	3,198784791	4,8556664051	4,1975606432	4,9357477058
YDR150W	-0,2842997117	-0,4360515966	-1,1217552524	-1,4311100251	-2,2213688036	-2,1712773074	-1,8652853034
YDR154C	0,0177049363	-3,1864652263	-1,2660145592	0,0094970144	-1,1466857087	0,16259524	-0,0909728619
YDR155C	-0,2463733508	0,6087285501	1,2053552108	2,0749921161	2,44048001	1,4402038946	0,7264954221
YDR156W	-0,1594730847	0,6617539419	-0,6410130165	1,0249257594	3,6919342158	3,2824120015	3,3213230821
YDR161W	-0,003011187	0,3179117939	-0,1215934715	1,0634429071	2,5125301392	2,1789346819	2,0963157929
YDR163W	0,1735614453	0,1986696939	0,3938862166	1,1364776459	2,4962872247	2,4219268378	2,1831927893
YDR172W	-0,3815780404	-2,5011068045	-1,3250558797	-0,5099300609	-1,1834813312	-0,9644151308	-0,8176160523
YDR173C	-0,3542350973	-2,3420486956	-0,7578087751	-0,3882529657	-0,8123378055	-0,7204227178	-0,7454694348
YDR175C	0,1786090291	-2,7590614681	-1,5168803744	-0,93171825	-0,9765481547	-0,1574557957	-0,6376476955
YDR183W	-0,4395150044	0,1234981672	-0,5183404335	-1,2959212112	-1,9509383044	-1,9213518195	-1,3705122836
YDR185C	0,0589621524	0,2135237277	0,8426276595	2,0090382232	2,5922855031	2,4203013306	2,8087975057
YDR186C	0,1634274906	0,7939456652	1,3874227195	2,0370962536	2,6662111755	2,3494201975	1,7015904273
YDR195W	-0,1481431037	-3,0850828035	-1,6463020073	-0,57469557	-1,0379138937	-1,2418412666	-0,7849476253
YDR198C	-0,0326354862	-0,587664902	-0,3146642322	-1,5171555475	-2,4047617332	-1,6864058589	-1,6448686876
YDR200C	-0,40253338	-0,1475269309	0,5812287377	0,9479183704	3,0731495803	1,0197694501	2,7335347097
YDR201W	-0,0808289916	0,6161503331	0,1566737681	2,3378243905	4,6416518103	4,4348728841	5,0021257875
YDR204W	-0,3703380231	2,679841146	4,0252850339	4,2838209406	5,3046224826	4,3106609939	4,841914627
YDR210W	0,1167731332	-4,2354958278	-2,7128784091	-0,6767189692	0,3285531952	0,9582341185	1,6069756928
YDR212W	0,3704699284	-1,8558012182	-2,3124982634	-1,9285934952	-2,3596322278	-1,2947173067	-0,7545161738
YDR214W	-0,00185081	2,4481830813	1,6796350431	0,6449433634	0,2105271889	-0,1907202388	0,182330008
YDR215C	0,022777163	-0,9117292033	-1,4075768595	-1,7961708434	-2,0978746015	-1,6921380655	-0,7176630066
YDR228C	-0,2536343907	-3,9031874648	-2,0029706181	-1,1507269236	-2,897737728	-1,0992614098	-1,0563663744
YDR229W	-0,4637441009	-0,4807862186	-0,4018148721	-0,7196436488	-2,0915279558	-1,5218799293	-1,2985487867
YDR231C	-0,2856634544	0,0231300622	-1,7608509853	0,63444497	1,9787617939	3,1981111767	2,2486204277
YDR232W	0,1534070839	-0,1492184351	-0,1122568759	0,1075225874	2,7495431741	3,5005817362	4,06967331
YDR233C	0,1659247505	-0,0550022399	0,1939553378	0,261660623	3,0766251469	4,8391590456	6,4120868371
YDR256C	0,0769995134	-2,5365110796	-1,0375232876	-0,7206799563	-1,424183396	-0,5945254982	-0,4546688185
YDR257C	0,0029301641	-2,173194147	-1,514223251	-0,81805648	-1,2789825974	-0,8189790357	-0,4293862292
YDR261C	-0,0391398033	-2,7160325317	-1,6902565428	-1,7148167741	-2,308825632	-1,1519604099	-0,587258539
YDR262W	-0,1095393559	-2,9024213537	-2,0328698783	-1,9806679716	-2,4481244321	-1,3903473849	-0,7374816213
YDR272W	-0,3914584574	1,2090238225	-0,1141916128	2,0285298105	3,8061134001	2,6199787369	2,3168387293
YDR275W	-0,3150623658	1,1968568292	1,3542707558	1,9363074925	2,1214318768	1,2878686833	0,9755405387
YDR276C	0,0044019725	1,6212798676	3,5295395351	4,5692996346	4,7305595619	4,6226666883	3,9327833797
YDR277C	-0,3651214112	-2,128783904	-1,3261425324	-1,175635779	-1,2380123221	-0,9141569094	-0,5923262059
YDR279W	-0,2780852221	-2,7527098007	-1,7498840141	-0,3078917284	-0,3590342819	0,4553488941	-0,3297978007
YDR284C	0,3248579965	-0,8329709983	0,0414867149	0,4139886387	2,5024080422	2,2849214826	2,0980622975
YDR295C	-0,2517271582	-2,7416175486	-1,2275357082	0,0603258546	-0,6495652573	0,1412384002	-0,2172456891
YDR301W	-0,0446924602	-2,9332078122	-1,7327802776	-2,2437116351	-2,4376010621	-1,0852537782	-0,1396793177
YDR310C	0,2838379423	0,6194228216	0,9162022839	1,0999903629	2,3795217925	1,8461146325	2,2705802878
YDR318W	-0,286426494	0,5651575495	0,4614307281	0,4911649128	1,9661046319	1,5363406747	1,4084926495
YDR326C	-0,0872657251	-2,5650889868	-1,5817223975	-0,6768877313	-1,8136606123	-0,6473073374	-0,5491277228
YDR327W	-0,2526431809	-0,5728504918	-1,7807533672	-1,5205072791	-2,2144218108	-2,0647288839	-2,2103823374
YDR329C	0,2564620955	0,5934132634	1,2664631673	1,5127895352	2,0386208414	1,8981716145	1,972570603
YDR332W	0,0196119942	1,7505418318	-0,9286159171	-1,1379832499	-2,3174861096	-1,8354763978	-2,101559015
YDR336W	0,7701879724	1,2527535539	1,0612785852	2,0641833187	2,6560117119	1,7619622867	1,8387740415
YDR338C	0,2351555418	-2,9348385536	-2,1318546924	1,3237775211	3,8061685862	3,3210455511	3,9773499896
YDR346C	-0,1875291439	0,0037921206	-1,2223120662	1,0611022855	2,8288296444	3,1468164549	3,9910553305
YDR352W	-0,1438431765	-0,2522947062	-0,3212605575	3,9185093518	4,5439111399	4,4650071616	4,7736888439
YDR353W	-0,0180174365	0,0194146346	0,2756730581	3,3728944142	3,9191424946	4,0202358912	4,9228892783
YDR363W	-0,0683660193	-0,3970311515	0,1237942	0,2060705204	1,1882158466	1,487540019	1,9578608391
YDR367W	0,0109598033	0,7002518145	0,3917570267	1,2970629381	1,7512746593	1,9598405316	0,9438068576
YDR368W	-0,0437498684	1,1772950608	0,7324254657	1,1526913744	2,3307824627	1,4053900697	1,1673412254
YDR391C	-0,0465336433	-0,0232521138	0,8442108334	1,9015074966	2,7853533211	2,7005489337	1,9481605081
YDR396W	0,0014284853	-0,4334786171	-1,004391049	-1,700848266	-2,1401384041	-1,5032585812	-1,4464510723
YDR399W	-0,1596916654	-0,2755491867	0,4425944383	4,1266942925	4,7587863304	3,3961730977	5,5566669539
YDR402C	0,1585918857	-1,987670844	-1,1302239576	-0,3087277943	-0,9316822087	-0,3733366611	-0,3898021039
YDR417C	-0,2469656044	0,1090669791	0,9470016717	1,8419516909	2,4770547065	1,6589472961	2,0959978667
YDR430C	0,3924093913	-2,0458501005	-1,594634642	-1,7951684491	-2,1930962621	-1,1459327783	-0,5692410149
YDR433W	-0,0984131235	-0,3240542286	-0,8512704061	-0,8441345838	0,7506674825	2,0159080041	2,3985428007
YDR437W	-0,1056730935	0,5877269766	1,0351842793	1,8350590803	2,4832203813	2,4547980608	2,1144686884
YDR439W	0,0892490809	2,0735653859	1,542542686	0,4803594298	-0,1481538077	-0,1230698314	0,2028694166
YDR441C	-0,0703400221	-0,8377136285	-0,5650295211	-1,4736411857	-1,9854954408	-1,490349788	-1,5448626057
YDR456W	0,4310992058	0,4419903328	2,0692521052	1,8240857696	2,4506937162	2,1157401064	2,0504368437
YDR459C	0,1615693202	-2,1751736525	-1,8512823915	-1,2932972379	-1,966252215	-1,1328463294	-1,130685473
YDR468C	0,0314644413	2,404425912	0,4355052242	-0,588306051	-1,1634484613	-0,3480291657	0,0735311915
YDR474C	0,417009081	-1,0223542946	-1,1743880186	-1,9718162219	-2,395441957	-1,2449818507	-0,4601594093
YDR478W	0,2174850517	2,9633898625	2,3352431658	2,0043351474	1,9149646973	1,3783872368	2,0742789967
YDR489W	-0,1400111748	-0,2739859454	0,3099722931	1,5708082218	2,1852402016	1,8421250696	0,9420583043
YDR498C	0,1436468446	1,3291364822	2,2090213225	2,4149039984	3,0904616625	1,7356031852	2,4412135728
YDR501W	0,2160816211	-0,1168828731	0,1985587414	0,8171891878	1,945594536	1,8687021823	1,9496340775
YDR504C	0,2789842327	-1,0870578913	-0,8428085284	-1,2868021847	-2,1893787233	-1,5264906265	-1,8443406157
YDR510W	-0,188628765	2,626453659	1,1654874992	0,4742091252	1,5139161319	0,9528676034	0,8446780964
YDR511W	0,2427957271	-2,2908896573	-1,3710047647	-2,0173500725	-1,8670399291	-0,855524156	-0,2467080707
YDR520C	0,3187300582	-2,6011173006	-2,0922057314	-1,7080783684	-2,4332592755	-1,2798190612	-1,4023173495
YDR521W	0,3640073159	2,0593665786	0,8129573089	-1,2178120562	-0,1800785693	0,5551987492	0,5189077788
YDR523C	0,034179791	-1,545501535	-1,8412614927	-2,1136301851	-2,3540399286	-1,9470767082	-2,3158686052
YDR525W	0,0087646263	2,1993728906	1,1302404371	0,5409885022	0,807473472	1,3545129965	1,1819684267
YDR530C	0,5102161113	-2,3795637679	-1,6345539339	-1,7281337193	-1,995009334	-1,0835415324	-0,344196739
YDR538W	0,0013583505	-2,1028474505	-1,2611510767	-0,4973830426	-0,9471401332	-0,5127833135	-0,4570997368
YDR540C	0,060907022	0,8899700438	0,9296069418	1,1858796204	2,3037787742	1,270991438	1,8333414047
YDR541C	-0,2455195575	-0,0465980465	-0,119641023	1,8395156498	3,1085979443	3,0821413059	2,4122029435
YEL003W	0,2834996743	2,4992794717	1,084884769	0,338398466	-0,9581160253	-0,1148821474	0,7500470339
YEL007W	0,2674331747	1,6807797242	1,6976122708	1,7610648448	2,0130235493	1,161033132	1,2114217751
YEL008W	0,2236712355	0,9073139508	1,2581114248	1,4625223806	1,559440872	2,5897006612	3,0571860747
YEL014C	0,164994157	-1,3698608206	-1,6561511495	-2,124071483	-2,199955282	-1,0038098651	-0,605245139
YEL015W	0,0146237496	-0,7330257235	-2,0551653303	-0,5729394475	-0,9193799987	-0,6294808741	-0,9046240074
YEL017W	-0,1869076195	-0,6926000435	-0,137743278	3,3011862675	3,6116181224	3,7137300665	2,4707266055
YEL026W	0,0669774486	0,0118595608	0,4598793357	2,3258549291	3,9888811698	3,7529747628	4,4905836387
YEL034W	0,1749888195	-0,3951437615	-0,1231457594	1,503749326	2,3638054943	1,9327624476	2,0901244481
YEL037C	-0,0719664672	-2,6430030314	-1,5188315283	-1,1206124215	-1,6401052071	-1,2684060294	-0,8713311391
YEL038W	0,1108981256	-2,7135161947	-1,161847424	-0,0166532507	-0,8554758505	-0,459569537	-0,5546458715
YEL041W	-0,2555404441	-0,8945406929	-1,4259005896	-2,1656061471	-1,9711896348	-1,6162090575	-1,1061675229
YEL042W	0,4236935831	-1,7105613829	-1,614376566	-1,9678100902	-1,6434775169	-1,1854714617	-0,3638702477
YEL061C	-0,1249414069	-1,1239894841	-2,9470108569	-3,3009988323	-2,5291101327	-2,0882971462	-2,6531349219
YEL069C	-0,1525015823	-0,9411170779	-1,1101610387	-1,8270291409	-2,3303039883	-1,9858268221	-2,0571988374
YER009W	0,0581804816	-0,0646373498	-0,6014599335	-1,4060885085	-1,8990381143	-1,7763922601	-2,0237020476
YER013W	-0,0460352928	4,153900974	3,8320246891	3,6518113363	4,2232949378	3,3762880066	3,1197447783
YER014W	-0,0500034003	0,212653294	0,0599712399	1,8234032436	3,5556980953	3,1764718296	3,0587444543
YER016W	-0,1893641286	-0,1459783942	0,0490481558	1,6636039846	2,6892638309	2,3764627858	1,8563838711
YER028C	-0,1009173369	1,5199000742	2,5818855868	3,5482868402	4,0444357481	3,0164502788	2,579122449
YER037W	-0,1717291112	-2,073833872	-0,1115813987	1,832596452	3,8450620685	3,7731955403	4,4879399407
YER038C	-0,0068096995	0,2997250866	0,1113861676	1,783209113	2,4143081729	2,7106005448	2,4972905718
YER043C	0,0356349223	-0,1434129721	0,4116400745	0,7073412885	2,0892714494	2,2464462624	2,243238479
YER061C	0,1288320539	-0,3282182583	0,909326836	1,9567109869	1,9753944391	1,3888324715	0,8992017398
YER064C	-0,0080241163	0,1749425495	-0,1557875775	1,2236718402	2,9241939334	2,5621611813	2,843797231
YER065C	0,2411099678	-0,3485582581	-0,5476286712	0,841922619	1,9766934859	1,5919027131	2,2588376317
YER079W	0,0129091307	2,1197742552	-0,054280381	-0,2997071932	-0,4177698317	-0,3567613732	0,1078379162
YER103W	0,2241972457	-0,2744331135	0,1578975147	0,9526665111	2,807845805	1,783992283	2,3287040122
YER114C	-0,2994019683	-0,2774769992	-0,1197450374	4,0707902671	4,1300607498	4,6156397215	5,3786312662
YER119C	-0,0578320772	0,8926340662	1,2778832439	1,9780668857	2,6357448325	2,5989298288	3,1958151566
YER121W	0,0881589979	3,0346643947	1,1086749073	0,9491777722	1,1000954618	0,5163915647	1,0137895145
YER122C	-0,204870485	-2,254595345	-1,8251879486	-2,4534225095	-2,4746921277	-1,3256480258	-0,8073124726
YER124C	-0,2648377396	-0,4289313584	-0,5145667687	3,6371866553	4,0848570301	4,1068548518	2,4455950909
YER128W	-0,5365698566	-0,3906178777	-0,0380043231	1,4596772585	2,0897373238	2,4909264031	1,1581668839
YER145C	0,1550894847	-2,308797431	-1,4219810394	-0,8549518294	-1,7935428543	-1,6631453846	-2,0191419962
YER147C	-0,174017839	-1,8483587164	-1,5587190553	-2,30306336	-3,3364782628	-2,9394384848	-3,2255888092
YER148W	-0,2063377112	-1,5644501059	-1,0684149693	-2,0178089153	-2,2258959812	-1,5815764942	-1,6157811268
YER152C	-0,0990769931	0,2148054518	-0,496626201	0,6952693283	2,1080415451	1,8947117701	1,8593581398
YER155C	-0,0192487242	-0,5682137431	-1,315017045	-1,7429737871	-1,9737323752	-1,4036551705	-1,3291389153
YER158C	0,1057506601	3,6204055624	3,9276536819	4,1372745616	3,9363767765	3,7949718907	3,9951753601
YER164W	-0,0350547822	0,0370564429	-0,0233547211	2,7943274297	3,613703739	3,3603295984	3,9997778249
YER178W	-0,1816715922	-1,9934520658	-0,891622938	-0,6341828237	-1,1364758817	-0,2579840271	-0,2753560659
YER180C	-0,0052910598	-1,8085264941	-1,791551845	-2,2184074137	-2,0799334622	-1,1226076218	-0,5416656625
YER181C	0,2448405868	0,2286504865	1,225734161	1,4964217424	2,1582578756	1,0936689745	1,0577376697
YER182W	-0,1058744977	1,2312983781	2,9949643893	3,0340649033	3,3416643432	2,8887291671	2,4738219452
YFL013C	-0,1388977015	-2,3314621183	-1,6435953562	-1,8204609299	-3,0276635428	-3,0536080014	-3,8564806759
YFL020C	0,0300860139	2,1535546784	1,7126215526	1,3817466722	0,8059422175	0,3567524375	0,3128384489
YFL033C	0,0758063378	0,8593010072	0,9552894041	2,0780560048	1,9402324211	1,8364680353	0,7091694742
YFL034W	0,2017306593	-1,5086846796	-1,9581667471	-2,2768553062	-2,2260686792	-1,4842775552	-0,7050325441
YFL036W	-0,0484670154	-2,6015975139	-1,8238687722	-0,305516226	0,5191590404	0,845486847	0,852451776
YFL039C	-0,0501342007	1,2043213947	2,171877421	3,07070949	2,9228218382	2,5456201119	2,0692300922
YFR004W	0,0351009114	0,727970646	0,2794537397	2,5404771373	4,4570108821	3,6663957728	4,1685774973
YFR026C	0,2505968754	-0,04890197	-0,0862932531	3,1615550095	4,4336685239	3,6298745025	4,6042514777
YFR049W	0,3168590904	-0,4355553061	-0,4900621899	1,3880675683	2,8947274032	3,0273323845	2,8043322733
YFR056C	-0,0974721961	-2,4869456082	-0,9010074485	-0,6511083281	-0,0156080307	0,0715076903	0,183324941
YFR057W	-0,2014636822	-0,5515168644	0,124411787	3,5834015681	4,5305397299	4,4459132531	5,1158032294
YGL001C	-0,1430285022	-3,4102859565	-1,6525363353	-0,2887041282	0,2852706137	0,7348337971	0,524721139
YGL009C	0,2568643182	0,1417727102	-0,8431454732	-2,7876092749	-1,700399837	-0,8917027482	-2,2306176775
YGL010W	0,2061259404	1,8107772105	1,1822689789	1,9054356374	2,6050813524	2,7593119027	3,174215118
YGL013C	0,4126700393	2,7060474617	3,4583846557	4,1570725148	3,8432555942	3,407241282	3,0908467959
YGL018C	-0,5340333535	-1,9262130634	0,0222048291	-0,4427612465	-0,4073575406	-0,6767661357	-1,2801562275
YGL019W	0,0687772004	-1,5740596832	-1,5671349781	-1,9500248859	-1,5569952533	-0,9017122223	-0,4134292112
YGL035C	0,0857972383	1,7179053996	0,9725783954	0,9627937959	1,5068629124	2,1860466562	2,4743752617
YGL060W	0,0529445034	0,1529620075	0,1843503314	1,6250720479	2,8085864127	2,7708544792	3,3070331255
YGL064C	-5.87826393087378e-05	-0,7470055876	-1,1668126791	-1,6249922665	-2,1696883748	-1,6883969883	-1,2212835821
YGL070C	-0,0612294267	1,3927191281	1,3723203547	2,0493632022	2,2275313036	1,4830813243	1,4804895287
YGL075C	-0,20092942	-0,3410324228	-0,441929165	-1,8154293162	-2,1771552289	-1,7036597131	-1,1892685038
YGL079W	-0,0329936181	0,508018141	1,2927557543	2,4485485949	2,5137892983	1,803370679	1,4727132545
YGL081W	-0,2479992816	2,5273617332	2,9933856577	3,6007228834	3,5092970903	3,3277885366	1,3371332647
YGL083W	0,2873502663	-2,2749384998	-1,4905076013	-1,4379995198	-2,4586797685	-1,9316926351	-2,1474060612
YGL085W	0,06458491	-0,8431141336	0,1769546712	-0,7744912398	-1,1456586255	-1,0965216223	-2,2465967708
YGL101W	-0,1667445687	-0,554544513	-1,2021149027	-1,94615057	-2,0633953394	-1,0783917108	-1,3079998489
YGL127C	0,1651587824	-1,943764236	-1,2960503786	-1,8147434787	-1,7156441051	-0,9777459671	-0,4993120829
YGL131C	-0,0425560258	-0,0896616038	0,5006217034	1,0882501147	1,760381363	1,7952798646	2,0212716901
YGL136C	0,1051507198	0,7766656474	0,4456114047	0,0380756989	1,0288568741	1,7101156011	2,239136345
YGL146C	-0,1014718789	0,2171439081	0,9454454835	2,1168406525	2,2117010444	1,2618079889	0,7900174964
YGL152C	0,1096154886	-0,0538922229	-0,0443059144	3,8966173731	4,6650364855	4,8037132776	5,1978844951
YGL160W	0,1478165943	2,4967088379	1,6477105284	0,3168740114	-0,0208633476	-0,1946397763	0,1195032712
YGL178W	0,1994687926	-1,3955045701	-1,4609852939	-1,9189667523	-2,2035572572	-1,1702834645	-0,3504288971
YGL181W	0,1805866205	0,1987617589	0,1903448119	0,3366498538	0,9186562708	1,5890795857	2,9596913964
YGL192W	-0,4105889404	0,78398153	1,1835885863	1,7884376313	2,1183355603	1,7349118675	1,2338643695
YGL196W	-0,082830909	-2,4789118945	-1,8762832319	-0,83462847	-1,3975680256	-0,9465416218	-0,5367306654
YGL201C	0,2040975731	1,6478651755	1,7345811317	2,3801247484	4,0480615403	3,8101515088	4,1419547205
YGL202W	0,1538185649	0,0715379518	0,4044350395	1,4221728511	3,9750477016	2,5566593585	3,9384113927
YGL203C	0,1865486618	0,1866749908	0,604491838	1,3077483454	1,9136865254	2,1849343786	2,4916873355
YGL221C	-0,1423208554	-2,5159187345	-0,9024310836	-0,9309668907	-1,4441721019	-0,7170117959	-0,4079190412
YGL229C	0,262801752	-0,4253795258	-0,8591948395	-0,9725225159	-1,3594496626	-1,535880907	-2,1183663588
YGL235W	-0,0984415358	-1,4550673758	-2,9820829977	-2,6534182117	-2,7721357387	-2,7860244161	-3,3390182386
YGL238W	-0,1922339003	-3,1580560545	-1,2711281795	0,0393045899	-0,6690004987	-0,7181093092	-0,3156323771
YGL239C	-0,1012875782	-1,3171025352	-1,9950022161	-2,5996855629	-3,0618666744	-2,5280146364	-2,6068514211
YGL241W	0,0037350733	-1,6371522795	-1,4039764046	-2,0110669349	-1,9440660787	-0,815556332	-0,3452060233
YGR009C	0,2141432053	0,8048565602	1,1972848715	1,2720438159	2,2036025363	1,458735429	1,5534462861
YGR015C	0,1049715041	0,5419819827	0,4198653646	0,8651338514	2,5908535865	2,2587186032	2,6559247396
YGR017W	0,10544315	-2,0794731484	-1,3176930704	-1,1590113423	-1,2748732016	-0,5229809147	-1,097361418
YGR019W	-0,1640580603	-0,4671819491	-1,3044134964	-2,3881426072	-3,082053326	-2,7310534291	-3,4159866753
YGR022C	-0,0612764593	-1,8087852489	-1,2773180871	-2,1391908349	-2,4015786918	-1,6746369459	-2,3045411058
YGR026W	-0,1328949869	0,042192505	0,3831532414	1,2128533729	2,1738114059	2,2744098127	1,4987092362
YGR030C	-0,1035627306	-2,3688849374	-0,0453207822	0,6841555381	0,8260775063	0,8552137078	1,0385405627
YGR032W	0,0065575968	-0,0746346827	0,0932454459	1,4822633933	2,3811398348	2,6016813038	2,3777282677
YGR041W	0,1477651977	-2,6575586194	-2,878966803	-2,7110237388	-3,3433410404	-2,552889452	-2,3925979402
YGR044C	-0,0094760717	-2,3285199885	-1,1340916058	-1,5736122614	-1,7512266172	-0,7692908961	-0,1405692678
YGR054W	0,2700328572	0,8304413956	0,8899502252	1,7509448123	2,7465183129	3,198696834	0,8165323129
YGR055W	0,0127378471	1,5862567187	1,6393884234	3,3024627995	4,2665307992	4,5039599573	5,3158915263
YGR056W	0,0085076061	1,9154805956	2,128314495	2,8299002925	3,9767239788	3,8336482778	4,6735698688
YGR057C	0,2809276188	0,8578166284	0,4912971913	0,8102679876	1,4855321623	2,0969744245	2,0689014098
YGR058W	0,3663264534	-0,401754959	0,8361312279	1,5357872122	2,4045060783	1,9251313693	2,2277953215
YGR059W	0,031350015	-0,1370221315	0,9630520725	1,6624819464	2,4723036049	2,422921134	2,1238130527
YGR068C	-0,3054711446	0,4073953965	0,2992386063	1,3336422915	2,0863682432	1,9064532857	1,5543430701
YGR069W	-0,0195163684	2,0642440491	1,6674362115	1,0060462731	1,1487177896	0,6598103612	0,3622927275
YGR073C	-0,0540797879	0,3075781736	0,8188947855	1,3439332027	1,7560804216	1,9765550998	1,648646498
YGR079W	0,1604850411	-0,8643750015	-0,881707356	-1,5566463282	-1,4232854857	-1,5126974352	-1,9720666832
YGR080W	0,1840686977	0,5906559628	-0,6571648231	-0,889230623	-1,378254522	-1,4566399706	-2,0105534291
YGR096W	-0,3157992915	0,2797213218	0,6126450538	1,4034524964	2,6484595633	2,4155805142	2,0118221022
YGR103W	0,2935902481	-0,4802952823	-0,1167573933	2,5286755534	4,6502053159	4,0947800607	4,9147988889
YGR109C	0,2319322686	0,0521362415	-0,3817769778	-0,8643850352	-1,5602680916	-1,8574340069	-2,1456293254
YGR138C	0,3963876754	-0,6462080479	-0,3211833677	1,3063537349	2,4336398427	2,4001155448	2,7026229683
YGR141W	0,1585277185	-1,2642866539	-1,9017109311	-1,8950141271	-2,0990943606	-1,0746300871	-0,4297495561
YGR147C	-0,0452552206	0,1574066923	-1,4301687436	-2,4776642245	-2,9813771903	-2,9870852762	-3,0429466723
YGR148C	-0,0659231328	1,3673670286	2,1195877236	3,4444775005	3,6189766843	2,8368860637	1,3769525035
YGR150C	-0,1390924685	1,7370724104	2,0942307316	3,155380558	2,4205164944	1,8334101303	0,8360863896
YGR154C	0,0493152021	0,6958552035	-0,2727856048	-0,0148327521	1,9097563351	1,7025910436	2,204131874
YGR156W	-0,0035258508	2,0969906396	1,3150353229	1,7387988198	1,5242597621	1,1601018134	0,5999575541
YGR173W	-0,231965781	-1,463939616	-0,2394706269	-2,0826631831	-1,443348495	-1,596875363	-1,4932008082
YGR186W	0,15781843	-2,070472541	-1,4838994151	-1,9043748593	-2,0319414206	-0,9198928002	-0,1040408015
YGR190C	0,0605741794	2,169511083	2,2357331213	3,9390181261	3,6457984432	2,9468325585	1,2231594253
YGR191W	-0,4923911324	-0,5589226537	0,2586124299	4,2028248322	5,3242612858	4,7831031662	5,5761765292
YGR206W	0,1692614046	-1,0391080093	-1,2612813346	-1,4394429636	-1,7727569008	-1,1719617774	-2,0937585391
YGR230W	0,1328457878	2,7317237458	-0,2129233833	-0,2536348927	1,0033306666	1,2965663257	0,8463564766
YGR232W	-0,1412863803	2,1086878764	-0,2338840845	-0,2928182982	0,8695930091	1,1817560309	0,7646828034
YGR241C	-0,2348410783	-1,2732812518	-1,1147259657	-1,4552735493	-2,1591700825	-1,6642622979	-1,5404926311
YGR256W	0,0990508909	0,8860708095	1,4118803778	2,2978823575	2,2265408648	1,619392133	1,6129796992
YGR265W	-0,0980761666	-0,7238963385	-1,4219181231	-1,9788870717	-1,7388899471	-0,3190181907	0,0867724142
YGR266W	-0,3802442124	-2,456137689	-0,5904605209	0,2717718881	-0,3602709754	-0,0845765466	-0,2422243118
YGR267C	-0,1115515701	-2,1730353819	-1,8606830833	-0,722489028	-1,1779941892	-0,8688759092	-0,9891029624
YGR270W	-0,4091989594	-2,3414911352	-1,3132868825	-0,7319183677	-0,813923551	-0,5696862592	-0,830374822
YHL006C	0,02145562	-0,3482083721	-0,6771500062	3,2003713891	4,297932366	4,1098758561	4,4101016773
YHL021C	-0,3054781032	-1,6474888658	-0,9251758392	-1,0031790772	-1,0269410774	-0,0325293602	3,0373862459
YHL033C	0,2738715655	0,8117923283	0,5778148691	1,2607290023	2,7295858066	2,5783827219	2,6405772547
YHL034C	0,1220605186	0,7768131181	0,3402482186	0,7710705837	1,3598461377	1,6484964044	2,0715093776
YHL035C	0,0140302736	0,6148106901	0,2720860101	1,507646413	2,8206174385	1,9090536458	1,8591541997
YHL036W	-0,2194775997	0,3738974462	2,0231604759	3,1785606782	2,9873358515	2,5547388224	1,2745861666
YHL040C	-0,2302312091	1,0729974593	1,4103900729	2,5652210547	2,1363072521	1,8657576019	0,3497492418
YHL049C	0,2885035875	0,5727633187	0,8008120945	1,67460512	2,9947599533	2,4313500857	3,3088290729
YHR003C	0,0476975212	-2,1461537933	-1,1295622923	-0,3069332785	-1,3427779536	-0,3227793568	-0,0061852067
YHR005C	-0,2076834247	0,3107240266	0,5713892872	1,3572122527	1,6178659987	0,4470172835	1,9757887462
YHR007C	0,3255245694	-1,9318353369	-1,6545844579	-2,4615918714	-2,9028655914	-2,6843233225	-2,0987233717
YHR016C	-0,0021182021	-0,5734785796	-0,0549689553	4,4781990101	5,056882778	4,6052546949	5,1328114586
YHR017W	-0,1045149367	-0,3412427525	0,070957013	3,0088117153	3,7356040464	3,560295806	2,5055462575
YHR028C	0,2288060774	-2,2590514402	-1,314032807	-0,5245289985	-1,5285699664	-0,7800223235	-0,7450152258
YHR034C	-0,1415688512	1,2529550999	1,3293477541	2,3866953971	2,3116445027	0,9947765946	1,619298051
YHR035W	-0,1693151627	-1,4619487133	-1,7113366849	-2,0643939099	-2,1196081287	-1,1128148901	-0,7530128782
YHR039C	0,1051286158	2,9107943889	3,8231600933	3,1362268221	3,0623689836	2,4751816351	2,6925433925
YHR068W	0,1596326063	-2,1730316581	-1,8252796146	-2,2953837229	-2,4714544714	-1,5212325938	-0,6324835722
YHR080C	-0,1392933581	2,74622129	2,0053453683	3,1308090794	3,1855522175	2,8513422815	2,156811974
YHR083W	-0,3308124534	-0,270024503	-0,7386761493	-1,3979509451	-1,5898109027	-1,7453485328	-1,9627060992
YHR086W	-0,2036288536	-0,0292923803	-0,4708216899	1,0645796751	2,1236165131	2,1541851631	2,0993095142
YHR094C	0,1295854448	0,1757877066	0,2525633869	0,6384828488	2,2372486911	2,2756000916	2,6754914315
YHR101C	0,4596029379	-2,1774105118	-1,5451948544	-1,9695753982	-1,751614217	-0,9015210845	-0,2247090161
YHR102W	-0,1563857529	-2,631073907	-0,3737831883	0,2369453732	-0,4385354871	-0,1468010733	-0,437576239
YHR106W	0,0246843546	1,005174455	1,8122386527	2,7208995044	3,0799503173	3,0559198652	2,8933310088
YHR113W	-0,3070180754	-1,9913491003	-0,9594885467	-1,1074099908	-0,7113864188	-0,3617548814	0,0437359912
YHR121W	-0,0001561291	3,1454528433	3,3021358828	2,3690786308	3,514521467	3,2045886354	2,752983879
YHR146W	-0,0673349641	0,792336195	-0,2764413401	1,9237439829	3,7119438579	3,9085920329	4,7807390169
YHR159W	-0,2135877002	-0,5317041554	-0,17685952	1,5774025452	2,8792702688	2,8695635738	2,4468703254
YHR168W	-0,0059153852	1,6382844098	2,3214490315	1,82828783	1,7070553955	1,4874579588	1,6931316931
YHR169W	-0,133391807	-2,2022351664	-1,6683540822	-1,354432315	-1,5803153965	-0,9742278334	-1,843649075
YHR174W	-0,1558236529	-2,2401719813	-0,8436268344	0,1132957121	0,5310026499	1,0128671957	0,6220114593
YHR179W	-0,2903235828	1,2961317064	1,4749478825	1,6301246341	2,0423976622	0,5288997806	0,5646142549
YHR180W	-0,166707733	-2,6783680436	-1,3284641493	-1,8501561278	-1,8429004865	-1,1194554752	-0,3355862382
YHR186C	-0,1022828836	-0,1867736181	0,0688289564	1,6478550964	2,5284475673	2,4953818041	2,5726097753
YHR191C	0,1643830948	1,6848903501	1,6320845028	3,0723893937	3,2625485086	2,8469403865	3,1425738096
YHR206W	-0,2897692935	-0,1011271409	0,8165890683	2,9827343651	3,5430727082	3,9935222231	2,805052688
YHR207C	0,0347464559	2,0983266717	1,0265184903	-0,036972104	0,0296793875	0,7320350067	1,4282122744
YIL018W	0,0827075616	0,0748648135	-0,2292117949	1,2731966083	3,8998797829	2,3903989125	4,2673859715
YIL034C	-0,1139311158	2,3241136217	2,5948439006	0,5014958844	0,8834165669	0,5360009294	0,1129146174
YIL036W	0,0110383894	2,3165076763	1,6361505848	-0,5141888836	-0,5473932439	-1,4598930618	-1,1380356552
YIL037C	-0,2214514628	2,1042279881	1,4780508322	0,1260386064	0,097121001	-0,1557738929	-0,1448511902
YIL043C	0,203898802	0,3200306507	0,481521853	-0,1465249586	0,2239277706	1,5853068853	2,1765272876
YIL047C	0,4113792381	2,1751361758	1,8126203379	0,1726175295	0,941740674	1,2467257259	1,1161595222
YIL064W	-0,0468574984	0,5630962153	0,2754199707	-1,3356589151	1,9924581656	0,4418622642	2,2537118331
YIL065C	0,0562224642	0,9762095264	0,9417271121	1,0132158215	2,0494097961	1,8891557127	2,0685503872
YIL066C	0,0739493919	1,0615662819	0,1584495212	0,6380825557	1,9003085909	0,7798092732	2,5553982247
YIL083C	-0,093315511	-2,9452636204	-1,3877235519	-0,1805623959	-0,7691595203	-0,4754801763	-0,2224677167
YIL087C	0,3228536635	0,004775014	0,1579313379	3,1920317259	4,2257988555	3,6536102999	5,0165513831
YIL088C	0,3062739523	-0,2441717085	0,5226174246	3,7554447842	4,945491094	4,4374175637	5,2255977439
YIL092W	0,1080736023	-0,2200520417	-0,1620271435	1,4990420864	1,1754166656	2,2828860129	0,6071969504
YIL094C	0,422998025	1,8804312831	1,2574200694	1,7969411063	1,1132671662	0,7995126559	1,9863088627
YIL101C	-0,1622207453	-1,8736946064	-1,6263954017	-2,6472521681	-2,4532594638	-2,3243524895	-2,5771970553
YIL123W	-0,0691246739	-1,6431420136	2,0718554671	2,3112293323	2,0583431853	0,6485393223	0,4348573644
YIL128W	-0,3717715111	-0,8677224899	-0,4851145086	-1,6834313921	-2,020352644	-1,9169980976	-1,1440848166
YIL141W	-0,3380509619	0,6213340309	1,3612057803	1,7922130564	2,0178051639	1,4155015016	2,1560124096
YIL155C	-0,3825335199	4,3125406708	3,6104698782	4,5763832718	4,7005473564	4,0205046167	4,5449916094
YIL156W	-0,278718053	-1,0546246709	-1,3430107888	-2,609742388	-2,2193142829	-2,5982751493	-0,7282250067
YIL157C	-0,0971208038	-2,0978036145	-1,2881043701	-2,1216551909	-2,4751871618	-1,5743667479	-2,0284136876
YIL158W	-0,1626935756	-2,0912476329	-1,3285239354	-0,6277011193	-0,933286356	-0,3000549552	-0,0606104151
YIR018W	-0,2277357317	0,7930429348	0,0667548627	0,5458323671	1,9250451408	1,9478917819	1,6606850123
YIR020C	0,106471176	-2,124877057	-1,2413487619	-0,3520699518	-0,4581010963	-0,1709805392	-0,4865159537
YIR025W	-0,0396757449	2,3715144414	0,9314976745	2,0341519539	1,3965268272	0,8596601402	0,0602749513
YIR031C	0,1559769849	-0,5888989323	-1,6469050679	-1,7827459033	-2,1441926053	-1,7454551097	-1,9360276308
YIR032C	0,0234019674	0,4973111184	0,212732605	2,4076298905	4,014867555	3,6884072114	4,8920684548
YIR037W	0,3357117416	-1,9403366171	-1,8538407394	-2,2001137396	-2,7124718122	-2,3090985308	-2,2029346952
YIR039C	0,2882772843	-0,1265062174	-0,5026513247	-2,1301772761	-2,2819933982	-1,5738494061	-1,1405797674
YIR043C	-0,4026896734	-0,8803225797	-1,557365732	-1,9323211448	-2,2499896427	-1,6440937252	-2,009994329
YIR044C	-0,3412643735	0,3974951581	0,0915030982	-1,8124275297	-1,9646752814	-1,0590235853	-0,3953379611
YJL005W	0,02846521	-2,2901223201	-1,8250579758	-2,4780957649	-2,1159421423	-1,208719485	-0,6011554257
YJL041W	-0,0030353982	1,4288128313	0,6441909102	1,0129532517	2,2276599937	1,1864878302	2,3587568259
YJL042W	0,1246303129	-0,4539119881	-0,652411309	-1,6095890523	-1,9979319686	-2,0851517775	-1,7984189349
YJL062W	0,1717007982	-1,6012386892	-1,1894810679	-2,2877697442	-2,7262023893	-2,4733047238	-1,6334126574
YJL064W	0,238296928	2,252118475	0,1626054584	-0,4202928103	-0,327896875	-0,9341692156	-0,7557114147
YJL070C	0,2081450468	1,9441901842	1,8134058818	1,4038071592	0,6316522643	1,2312275551	1,5620487108
YJL090C	0,0851769419	1,6017521837	1,422947689	2,7526794935	3,5514365179	3,9650195263	4,1881215883
YJL091C	-0,0324166082	0,3864210295	0,1429332078	0,8646955002	1,5275280782	1,6943943461	2,1391711771
YJL095W	-0,2102469056	-2,4680394552	-1,107970674	-0,5612226468	-0,8540270915	-0,6765368291	-0,569553637
YJL124C	-0,1306065876	-2,2285050605	-0,9792015765	0,0006761435	-0,5763250543	-0,0923870454	-0,3705159231
YJL132W	0,1420536419	-0,614229548	-1,5732871531	-1,9880365522	-1,5430977511	-1,3321571392	-1,3346412616
YJL152W	-0,1728982933	0,3927245124	0,6751573999	1,4813885217	3,1638723618	2,8735175478	2,5667461211
YJL153C	-0,0870812665	-0,2621127151	0,6287060939	0,6177004958	1,9636827367	2,0083417117	1,6315870746
YJL160C	-0,1719911949	-0,5883869297	-0,8989635613	1,2051427506	2,0143352988	2,0503011157	2,0131454656
YJL162C	0,1402638933	2,7734570995	1,5830102253	-0,1164981274	0,3972989113	0,7964329552	1,1361667773
YJL172W	-0,1064852791	-0,235834852	0,110527313	1,6691396988	3,048313759	3,0679283911	2,6443790082
YJL174W	0,0873783272	-0,488425689	-0,3837788975	-0,5638837634	-1,324096756	-2,1250724197	-2,525846843
YJL176C	-0,0573027652	-1,7976644523	-2,1428888283	-2,1367926394	-2,2712133581	-1,5505777576	-0,7222960485
YJL190C	0,1182561672	2,258611588	0,2920957845	0,8175869925	1,0884840408	1,3129655525	1,4240303481
YJL198W	0,1206021066	-1,6466081148	-1,8553200548	-2,2614178427	-2,0605311186	-1,3503147339	-0,6618524484
YJL205C-A	0,2093948759	3,8912970352	3,3064235235	0,3665546179	1,2481674933	1,0988901757	1,5915768011
YJL210W	0,0077320678	-0,0819910581	0,2318038362	0,8025186693	1,8727118672	1,9418274501	2,2685060587
YJR001W	-0,37357033	-2,6229505379	-2,3470277881	-1,3151275116	-2,0958433934	-1,2796811884	-1,3048148192
YJR013W	0,1699542824	-0,0332350824	0,1684540212	1,3165187982	2,2217375963	2,5647232767	2,9940292969
YJR033C	0,4127170946	0,2641523994	0,7975742027	2,0172608509	2,1994385316	3,457562289	3,8682391627
YJR040W	-0,2137060329	-0,1072899857	0,8077150307	1,0543879415	2,0948636936	1,6865389438	1,2706604273
YJR041C	-0,2179710701	0,5776937675	0,2292843463	0,6325987727	0,6296040151	3,1195787077	2,1972017093
YJR047C	-0,2226579968	-0,9249263729	-2,0245936894	-1,5703205697	-1,9818408609	-1,0104865204	-1,1204850718
YJR051W	0,3095172449	-1,2338100599	-0,5962978676	-1,5701834709	-2,2594515139	-2,6110188174	-1,7266648706
YJR073C	-0,2516889769	-2,9330823357	-0,9303942191	0,0435546669	-0,2802941249	-0,0038069582	0,3271850173
YJR076C	0,3835809318	-0,0994692446	1,2453653258	2,0110701451	1,7371412228	0,9369389212	1,0227073196
YJR088C	0,112493132	-1,5261180767	-1,7057082983	1,0242516336	2,9479353871	2,8572584784	2,636797375
YJR092W	-0,0254003895	-2,6076874123	-0,6600409807	-0,2197685436	-0,5541516019	-0,1179996913	-0,0360078729
YJR093C	-0,0739870396	0,8799487227	0,3713496979	0,565011864	2,1568309451	2,1162115337	1,9345200899
YJR097W	-0,0279981291	0,6354278966	1,0437681245	2,3357806369	3,2301905144	3,5718980938	3,7051353174
YJR100C	0,0483351195	1,7988230804	1,5245496648	1,6591947473	2,3611072043	2,6327598056	3,3928154629
YJR113C	-0,1446243541	2,6532225782	2,8941810643	2,1604287716	2,3458114283	2,298105549	2,1085259605
YJR114W	-0,1089993849	0,8164749607	0,6509059695	1,4979800371	2,4423088359	2,1895013121	1,5407470221
YJR135C	0,0013080702	-0,1089310801	-0,0583413335	0,7152438836	2,098318325	2,4764709064	2,3109561054
YJR136C	-0,0500222438	-3,4886572036	-1,5286877108	-0,7661438086	-1,2110212118	-0,5334818029	-0,2555148381
YJR145C	0,1848154523	-3,3305734221	-2,0222255119	-3,3958404376	-3,3508786868	-3,1204107211	-2,9666267803
YJR146W	0,066900338	-3,323268627	-1,8952918526	-3,1854596528	-2,9356125794	-2,5077173513	-2,5478386537
YJR157W	0,255303259	-0,2356995681	-1,1981629245	-1,3261089572	-2,0179916452	-1,703984159	-1,8321263686
YKL003C	-0,0091372929	-2,7008926686	-1,2787183169	-0,6438738632	-1,0631205703	-0,4964806113	-0,3202640247
YKL015W	0,1043173359	-0,5452169484	-0,2747030578	-1,6524186036	-1,9416583065	-1,9252145393	-1,9761532345
YKL017C	0,1105816092	1,6298514988	-0,5386378737	-0,5344665569	-0,4910089059	1,3069134593	2,5119389675
YKL019W	0,2099981363	0,3199353738	-0,3817791398	1,5378922706	2,8660135259	3,2743522936	3,6437926385
YKL023W	-0,0045105259	-0,375515934	-0,8069505788	-1,424571493	-1,7812977071	-2,0202644522	-1,9304742716
YKL051W	-0,1910183407	-0,0494234204	0,207482449	0,9889858913	1,7622368313	2,8430498814	1,1005580743
YKL057C	0,0578507575	0,4275001366	0,5594351713	0,8806963634	1,9811928711	1,7896742723	1,5941995939
YKL060C	0,1089229672	0,8649747884	1,1278838384	2,9654376302	3,6061161306	3,3829777172	3,7589280595
YKL062W	0,413081291	0,4788149707	0,0496928177	-0,4955702835	1,2638540214	1,6172815733	2,0283343723
YKL064W	0,3736241788	2,3700794533	1,4875060507	1,8670450018	1,1777357507	1,2938787972	2,1260132139
YKL068W	0,1624959068	-0,607519253	-0,4491452898	-2,482488725	-3,019204444	-2,8824765229	-3,3885048185
YKL071W	-0,0513030568	-1,5968109165	-0,5495140127	-0,6455756481	-1,1114520248	-1,6586947002	-2,0693820876
YKL074C	-0,1056105478	0,7285565967	0,3492062103	0,9266341945	2,5804238231	2,2992392061	1,7772208332
YKL079W	-0,1507494235	-2,358533233	-0,7854421438	-0,2711853587	-1,0977130094	-0,5106257315	-0,5006226691
YKL088W	0,0339664132	3,1356281533	3,0260203797	0,7859373507	1,758901061	0,8992742731	1,605809917
YKL089W	0,1000100143	2,9491376409	2,862653247	1,374323381	1,7198982338	1,4135267807	1,9814674323
YKL114C	0,3904670167	-2,7652527138	-1,591318285	-0,6249890283	-1,5347006329	-0,5758953566	-0,37419074
YKL125W	-0,211800958	-1,9888239862	-1,008997413	-0,8955283033	-1,6444641746	-0,6340691107	-0,6599177021
YKL133C	0,123803203	-2,8343726708	-3,2186075198	-3,4140487589	-3,3046811563	-2,557182971	-2,7835546301
YKL134C	0,1879682316	-0,2830018112	0,3012752253	1,312363657	2,4435759078	2,2758075496	2,6138858757
YKL135C	0,3058779007	-3,6594456062	-2,259488151	-1,3914965259	-2,2893464876	-1,0189180775	-1,6372352676
YKL136W	0,382194198	-2,0189618593	-1,9513770378	-0,7398360098	-1,2690397183	-0,3732693708	-0,2048584734
YKL148C	-0,019706538	0,1865064176	1,218706382	2,0312866613	3,0014703356	2,9868336342	2,5000317572
YKL149C	-0,1390824162	0,7394227351	0,753116408	1,9908399738	4,0027754468	3,5523798166	3,598826056
YKL150W	-0,0752904623	0,0171391396	1,2804582507	1,0751106598	1,923478189	2,4095404854	1,0556072228
YKL152C	-0,0104496806	-0,6809062434	-0,1292040488	1,9209774459	3,1602148533	3,1182485688	3,2591071092
YKL159C	-0,2284317518	1,1481538872	0,9424268271	2,3719061402	3,8461277606	3,2351948004	3,6034169996
YKL161C	0,1656376148	-3,8102905664	-2,2199460494	-1,3698203491	-2,0879190568	0,0212563616	-0,7596002751
YKL166C	-0,1714976077	-0,4272959631	0,3482618396	2,0327595325	3,1593410387	3,1996148617	2,9456506873
YKL204W	0,2840347296	-2,2803845873	-1,5336785557	-1,3540096361	-1,8978067076	-1,1665251342	0,0376527468
YKL205W	0,3110093994	-2,2980470301	-1,6380581229	-1,441153127	-1,9499195663	-1,3395662022	-0,0061210663
YKL206C	0,357788084	0,9901935314	2,685509305	5,2385408077	4,1317004491	4,1419929375	3,707048452
YKL207W	0,0866796587	1,2758795804	2,001845314	4,3571409079	4,0352934363	3,0165572118	2,4862294396
YKL221W	-0,2641948173	2,6487004321	0,8104711001	0,5369201581	0,4765436227	0,4126130442	0,8677990451
YKR004C	0,1166685311	-2,187052287	-0,9017751137	-0,3585598359	-1,0747192008	-0,6091997521	-0,5477138834
YKR011C	-0,2577358035	-2,0020684796	-1,5679227715	-1,0778744665	-1,5606770033	-0,7354572762	-0,6758232362
YKR014C	0,0539920695	0,0979623875	-0,0045975728	0,0831370489	2,331689699	3,2412461593	2,6834462998
YKR015C	-0,1713720315	-0,0276155243	0,1269853618	1,3992961861	3,377549987	3,0950494115	2,6822993013
YKR032W	0,0008280581	1,4619025057	0,754427717	1,5788180857	4,1965150091	3,6154183076	4,588204158
YKR046C	0,2474888234	-1,9576084291	-1,4538134861	-2,0887019426	-2,8228417816	-2,4236825246	-1,1270672661
YKR047W	0,1473967565	0,7300838412	1,8139324948	3,0714692875	4,2305962018	4,0168683394	4,2043596601
YKR051W	0,1041327712	0,3373440764	1,8204703163	2,5688068314	3,7224559546	3,7577761595	4,5269881918
YKR056W	0,0778986514	-1,9376997995	-2,306580281	-0,2105586325	1,6509655237	1,4520469729	1,7727127158
YKR058W	-0,322425294	-0,5319348865	0,1165017576	-1,6434419122	-1,9807545591	-1,1184525719	-1,0387912744
YKR060W	0,015032706	-1,0410406766	-1,4574360109	-1,632291668	-2,0369671248	-1,8859552151	-0,5211123777
YKR063C	0,0251907078	-2,0519407386	-1,4439043541	-1,4892168748	-1,2621753247	-0,4968665949	-0,0860138482
YKR064W	0,1256989434	-2,2672090205	-1,9959554516	-1,6529972524	-1,3890082859	-0,7034069734	-0,3282744699
YKR074W	0,005717922	0,5236783902	0,3690460873	0,728664586	1,7142440989	1,385601186	1,9337971221
YKR077W	0,3379208147	-1,4035725016	-1,6071317229	-1,6995342346	-2,0648507992	-1,288449276	-0,3812636864
YKR078W	0,2915382751	-1,4435274665	-1,6350945544	-1,8095520876	-2,1223304711	-1,2072857297	-0,2477290176
YKR086W	-0,0832100022	0,9355919962	0,2689567725	0,3099148046	1,9379935329	1,9569287721	1,7823014971
YKR091W	-0,1155128758	-0,9056499524	-1,1504127563	-2,0155203302	-1,9123576733	-1,3405518411	-1,3658382529
YKR095W	0,1457660091	0,088955137	0,1177871264	0,234933467	1,3127177323	1,7793947583	1,9772311742
YKR098C	0,3929719399	1,4370627504	1,7684296903	2,8532800368	2,5919221422	1,3039619224	1,5188880021
YKR101W	0,1177487429	-1,1305091241	-0,2056855166	1,4312353207	2,2549154165	1,9298248583	1,54959019
YKR104W	0,2513003813	0,1481236857	0,5752288371	1,3436823709	2,2139120042	1,9452114675	2,4802610299
YLL003W	-0,1240142756	-0,5531763742	-0,7161607502	-0,6100551497	-0,4916337064	-0,274730626	-2,1056096656
YLL011W	-0,1656152798	0,3018378929	0,8870474431	2,0168178446	1,5571951005	1,3734029126	0,6178784412
YLL025W	-0,1481001711	-2,9146256086	-1,4891531963	-1,0821935534	-1,4568179927	-0,8662043245	-0,6103005541
YLL028W	-0,12087582	1,4369963867	0,7351934479	1,6467999433	1,9351644871	1,2917028778	1,1152915387
YLL030C	-0,1251795005	-2,1682502999	-1,4296767286	-2,1393031811	-2,5603286173	-2,2957099467	-1,1042508391
YLL032C	-0,0023853377	-1,5364863412	-1,2643401007	-2,4663586877	-2,0609455496	-1,8913753206	-2,1440820911
YLL049W	-0,1952897179	0,9445843288	0,7458776626	-1,7030540054	-2,0875482112	-2,5311995744	-1,8947654778
YLR005W	-0,1261578005	-1,2910269106	-1,4259795345	-1,6632557364	-1,8187314101	-1,8001700958	-2,3344776106
YLR010C	-0,2372191046	1,4199894045	1,1638086157	1,7072457709	2,959861011	2,8710328245	1,3319443847
YLR020C	0,254091022	0,3836728261	0,6299766433	0,0945914007	0,1318391471	0,9501697871	2,0335082404
YLR024C	0,1424743244	-1,9373974149	-1,9223422537	-1,7435827164	-2,2401224802	-1,8876845893	-1,8128740469
YLR025W	0,6731318428	-2,2025945803	-1,2446125513	-0,4639625662	-1,2506750361	-0,2599408113	0,0548955364
YLR033W	-0,0925009195	0,38972799	0,1759420334	1,1941106304	2,7362129271	2,8656170375	2,2759222319
YLR041W	0,2231740014	-0,7884633654	-2,4344061076	-2,0171554148	-1,3772985298	-1,434917192	-0,2574351738
YLR043C	0,2155966629	0,2651854051	0,537787479	0,9113886207	1,5117453158	1,5100957478	2,3974973139
YLR054C	-0,2221023781	0,1976844305	0,6140399086	1,8186695729	2,9080218749	2,7398784367	2,475354025
YLR055C	-0,1334469411	0,3135438594	0,4225516205	1,6233988158	2,9436085387	2,5607817789	2,1330609824
YLR058C	-0,2409848764	-1,963229436	-1,3907673821	-0,6067331594	0,6538100197	0,9776657018	0,6033158171
YLR061W	-0,1910116349	-2,3083451841	-1,7909484856	-0,9772012554	-1,4381262168	-0,7647560803	-0,6037812335
YLR062C	-0,0268073765	0,298681358	0,6695086309	2,8888520169	3,663988964	3,2770214849	2,9749334491
YLR071C	0,26931354	-0,0332916597	0,0902777171	0,5287534576	1,9522187659	1,5672499186	2,143442293
YLR076C	0,1770421663	-1,4498341304	-2,3093538482	-2,2669443278	-3,0730891898	-3,1275078981	-2,5462651931
YLR077W	0,0589105239	2,0554631842	1,9529246877	1,6905336046	2,3726949299	2,0331782937	1,5019763878
YLR078C	-0,1654147847	-0,1379988918	0,4529236291	0,6742722593	2,0066575533	2,2715261618	1,3052768599
YLR079W	-0,1235679258	0,7257024521	0,3779991027	0,4821003648	2,1359132026	2,5805134971	2,6926234321
YLR083C	-0,1887494321	-0,1622149072	0,1958403467	0,9091001782	2,0940029197	1,9013231566	1,4349252228
YLR092W	-0,077677132	2,5454517612	3,5761235883	4,079474044	4,5083228472	4,0226944729	3,8792623805
YLR094C	0,0941134746	-0,1233447523	0,0801576827	-0,09581894	2,7653647427	2,7421638988	3,0647707064
YLR095C	0,2193457831	0,6109718566	0,1914842783	0,4826371562	1,5561783096	1,2696405421	2,3050892347
YLR102C	-0,0261832684	1,0279901144	-0,1702340716	1,9779744077	2,5266756323	2,3972763924	1,6665222987
YLR103C	-0,1497193765	0,6575757749	1,4797579822	1,6267072266	2,4319802358	2,3353015742	2,211407179
YLR105C	-0,1246283535	-2,0015445125	-1,1313668608	-0,1476305863	-0,8072453126	-0,5569147916	-0,5790900986
YLR119W	0,2148360615	0,6682551174	1,0511499708	1,5561316507	2,3599317536	1,7912606034	2,5122148279
YLR129W	-0,3045515972	-0,6083244266	-0,8774345643	-1,5880592696	-1,9748907064	-1,9532937306	-2,0833669514
YLR132C	-0,1774044045	3,4258975951	1,6966928462	-0,5860727661	-0,7310373707	-0,3418345836	0,1624234595
YLR133W	0,0487949637	2,3200680932	1,8484401593	1,457870708	1,3409687153	0,8381527528	0,9208623321
YLR136C	-0,0924030937	0,2744641594	0,4443313646	3,0820113555	4,0867225998	4,2033082261	3,4892699744
YLR137W	0,0189703698	0,5409837296	0,1430552132	3,7044955813	4,4783380386	4,2586851457	5,2189596916
YLR141W	0,0264454747	0,8797234044	1,5111301022	1,7758929491	2,4636080141	2,0240462287	2,1778915634
YLR143W	0,1783049248	0,5003434937	0,9690615653	3,0915443412	3,9919396057	4,4152104622	4,5890656985
YLR154C	-0,4993975808	-1,8868059917	-1,8346297474	-2,0703395748	-1,4741003074	-0,9330186406	-0,3549204589
YLR158C	-0,3788248317	0,4742632982	1,3721955776	2,1477889969	2,1835454009	2,2887444529	0,9034758228
YLR170C	0,1974310418	-0,0635584287	0,3407400532	3,0216320134	4,4958383793	3,8847175191	5,1119328558
YLR172C	-0,0194351939	0,2858726649	-0,0518275026	3,0257294185	4,294386481	4,170246513	5,2772348047
YLR173W	-0,0419412741	-1,9321207361	-1,3334298957	-1,6739306744	-1,3534941677	-0,9341052074	-0,447467197
YLR188W	0,2102946247	-1,5877706662	-1,6421732196	-2,2707750165	-2,5219565597	-1,8517571324	-1,4571669997
YLR193C	-0,0939614339	2,0508454022	0,0136408844	-0,2025558469	0,7907280132	-0,013852867	0,6633942349
YLR197W	-0,28354632	0,2083951999	0,6368128265	0,9223202787	2,7606914817	2,7918657511	2,546419865
YLR201C	0,0486915748	-0,8167489463	-0,1545265506	0,8184373617	2,3583678437	2,1469513961	1,8635479868
YLR206W	-0,0301245948	0,4374635309	-0,4809171552	-2,842612682	-2,7886503991	-2,1913901217	-1,6127914057
YLR221C	-0,1267304628	-0,6059802411	-1,2753720209	-1,9515785	-2,0437143318	-2,0189514253	-1,9178005836
YLR222C	-0,0654635689	1,1221921807	1,241595936	1,9600820132	1,905421962	1,2236611494	0,4586435488
YLR223C	0,0427481299	1,0008755499	1,3313244561	2,019179755	2,4432786104	1,987253093	1,4563366636
YLR230W	0,0146315165	-2,0479539589	-1,1190856439	-0,5788171468	-0,3641884288	-0,3202902225	-0,1055725287
YLR234W	0,2354813633	-2,164782507	-0,3541812778	-0,3880640059	-0,622663366	-0,2417329094	0,5274284904
YLR238W	0,1074455286	-2,304145495	-1,4078231454	-0,5930921381	-1,032379983	-0,4768027282	-0,0659532288
YLR240W	0,2142841614	-2,0473531474	0,936013212	1,501079787	-0,586680331	-0,1224670006	-0,6540668134
YLR243W	0,2964376509	-1,2361945624	-1,3031721389	-1,5666340158	-1,7676474265	-1,5466162446	-2,1183873591
YLR258W	0,1606564511	-0,0646320487	-0,3362710238	-1,2842181154	-1,6719778288	-1,4872951267	-2,0251129775
YLR267W	0,1837256447	2,8558134577	2,6515081116	2,6729928837	2,536762707	1,892219592	1,9750969601
YLR270W	0,0125374336	-2,022204904	-1,822875051	-2,2776646343	-2,2322250903	-1,2377671301	-0,2819047738
YLR274W	-0,2300275669	0,0143360415	1,0616071323	2,3372054854	2,5758497247	2,3510800754	0,4539193275
YLR278C	0,0570483072	-2,3068557539	-0,7776334776	-0,2032287631	-0,5171443897	0,1698585977	0,0121085453
YLR304C	0,1534322108	0,7373512487	0,855966193	-0,1933813906	-1,1131720015	-1,756235851	-2,8761493869
YLR324W	-0,0399509253	0,272064812	0,7342923802	1,5482868554	2,3960921536	3,0083380786	1,3333251162
YLR325C	-0,0749567472	0,6825136552	0,8106397934	1,8154063877	3,3844931398	2,987366082	2,6220983075
YLR328W	-0,3948945465	-1,3769200693	-1,5344553319	-2,5321269667	-2,322269961	-1,9703436422	-1,6164114986
YLR331C	0,0370109612	3,1491923538	2,4391003404	2,5359631398	2,1926180135	1,5431046633	1,9277773328
YLR335W	0,155808013	0,1327909187	0,0359100208	0,7458958994	2,2173591238	1,6587869008	2,0660150425
YLR340W	0,3661023897	0,0395049027	0,8717831058	2,2021243002	1,9272972022	0,8241396054	1,3132087417
YLR341W	-0,1115760724	0,6692138124	0,0354396289	-0,791260249	-1,1166707588	-1,4798946864	-1,9378302832
YLR348C	-0,1467336375	-0,6193447844	-0,3270930471	0,3277300105	1,9663411911	1,6818807587	0,9788379225
YLR349W	0,0874416806	-1,6877778831	-1,7796946107	-2,1403102718	-2,0821039291	-1,2375918842	-0,1285528363
YLR351C	-0,1805880789	0,145361641	0,3565091959	1,5952643904	2,9750078855	3,2153491328	2,7615337448
YLR352W	-0,3496577425	-0,3972637262	-0,5202381461	0,9746546703	2,5662693743	2,4870089599	2,0090994315
YLR372W	-0,1360802141	0,9831185358	0,8129513476	1,8502057505	1,8693464022	1,9798960323	1,4004015826
YLR373C	-0,1001608803	1,1569061273	1,2810666131	1,9685954388	2,3652431155	2,394736438	2,2228851264
YLR375W	-0,0103401073	-2,0306638922	-1,4225034271	-0,6927745132	-1,2179382891	-0,3845187648	0,1215063116
YLR400W	0,1477494346	0,1355415295	0,2368629056	2,287756747	3,7854684937	3,4667388016	2,7931152298
YLR407W	0,1258909268	0,5678822644	0,1391805742	0,3553524697	0,446024342	1,9716078471	0,7560398687
YLR413W	-0,0792868304	1,3408701029	1,1659782257	3,7384123597	4,6186204909	4,1835614061	4,4113739785
YLR422W	-0,1181103228	-2,0934200114	0,0061998163	0,504709696	-0,6174875814	-0,3575786043	-0,5824143969
YLR425W	0,1513909521	-2,1868493826	-0,8093252617	0,0769999032	-0,6103988859	-0,4110818279	-0,2177045503
YLR428C	-0,0060582353	0,1356999777	0,0241630597	2,4289568682	4,0340928671	4,1023412679	4,9461188576
YLR429W	-0,0981345942	2,6999076279	0,6502383058	0,8776883713	0,9378833861	0,3973556088	0,6170509862
YLR457C	0,0620481896	-0,1764182649	1,3516436181	1,0552939526	1,9794105981	0,2365807321	1,6941085948
YLR458W	0,1704164426	-1,9396995829	-1,0415093135	-0,582123603	-0,5863395962	-0,0594126553	0,1785216247
YLR464W	-0,1260300018	-0,4511189443	1,1709813548	1,9391638564	2,1187887129	2,0070203043	1,3970633201
YLR466W	-0,0334703428	-0,425937374	-0,3918722745	-1,9389210179	-2,2421676302	-1,4450537308	-1,6405628421
YML012W	0,0874382923	-0,3452522105	0,0667863755	0,9273679231	1,5156029718	1,9830826574	1,8859412695
YML016C	0,0696966201	-0,4465324941	2,3152101547	2,1878267155	1,7993274677	1,1871617096	0,9265823396
YML033W	-0,2834009268	-0,0938344187	-0,8692325633	-1,070969157	-1,5168617473	-2,088822989	-1,8585521233
YML034W	-0,3445742662	-2,7195985898	-1,619691539	-0,9904149657	-1,9210627824	-1,5179798156	-0,9694249858
YML037C	0,1185877118	2,1021172015	1,0366127685	1,0532126458	0,9640146317	1,0058467125	1,6632318549
YML048W	0,0108528249	0,542949462	-0,8531156975	-1,5283885074	-2,0137448781	-2,2672672147	-2,8306943198
YML060W	-0,0883121974	0,0017492259	0,2246675005	0,5612771224	2,0129719278	2,6423195505	2,7894756472
YML062C	-0,0444048756	0,9817880852	0,5480879327	0,6789902539	0,9930395275	2,7653882063	3,5576671939
YML069W	0,1005380543	0,817736592	0,1839903552	2,3441336966	2,9251936451	3,0250787055	3,1471571066
YML071C	0,2241595233	0,8012629465	1,3161219305	1,226503481	1,9952837272	0,7248152754	1,4626218913
YML076C	-0,0252314142	-2,5854524228	-1,8026172649	-0,6172196458	-1,8178069583	-0,7900906663	-1,0818098204
YML078W	-0,0078247032	1,4630057148	2,1738574716	3,5406841468	4,0557874191	3,4256194673	2,6506995082
YML089C	-0,1177034821	0,53053145	1,9963503817	1,6917982724	2,0265413531	1,7643132657	1,1896055869
YML092C	0,2489857386	2,0117733139	1,9082321866	2,129346478	2,4202776436	1,0030879312	1,6471159681
YML093W	-0,1824430231	1,5662466381	1,5588555467	1,878983056	2,2379135993	1,6323024635	1,5256367643
YML127W	0,2211176836	0,4770020296	0,6915627137	1,5197841871	2,3832501351	2,5276338891	2,4056129984
YML131W	-0,124961202	-1,1235475431	-0,6127870644	1,1683503355	3,4384985872	3,4560260948	3,2054555429
YMR009W	-0,1672382017	1,8797238557	2,475068404	2,2186556943	3,3933966031	3,0482892785	2,7062317766
YMR027W	-0,1164141282	-2,3960687454	-1,7513436597	-0,8236217114	-1,8201005539	-1,1796244647	-1,4511815239
YMR039C	-0,1436506571	-2,5822677768	-1,5977587078	-0,7122674359	-1,1556198909	-0,8740345578	-0,3352211652
YMR041C	-0,0696889886	0,7043488952	0,5568442066	1,6288712994	2,7244271989	2,4887990922	2,6688396494
YMR049C	0,0238766623	-2,5227189271	-0,7547373719	-0,2006507149	-0,9936701778	-0,2026770147	-0,027645725
YMR053C	0,1271362621	-2,1685247432	-1,140010969	-1,9980145199	-1,664622064	-0,8347137782	-0,4271596152
YMR063W	-0,1469342733	-0,0084125215	1,0576391166	0,7218286864	1,2795548954	2,0016779209	1,193942708
YMR064W	-0,3280641783	0,1474154698	0,0186195714	0,5504579205	1,9844750642	1,7362379596	2,512935816
YMR082C	-0,2293576969	-0,4109026811	0,8258799675	1,6611799375	2,6361459652	3,0487087246	1,8799308096
YMR100W	0,2079403033	-2,3679924823	-1,6506568366	-0,3919170307	-1,2351157985	-0,8314424246	-0,7543385943
YMR104C	-0,264182373	-0,9296755469	-1,1905231237	-1,7920065093	-2,0350876267	-1,6488196509	-1,9939738581
YMR114C	-0,1744866623	-1,2979148797	-1,0376777869	-3,0314664876	-3,0145761928	-2,9768073255	-2,8715967869
YMR125W	0,0707507187	0,2477635983	-0,0940417918	1,0628785613	2,1642057017	2,4061754407	2,3367375212
YMR128W	0,0066354265	-2,8572036914	-2,7454073087	-2,4914205409	-1,5461813704	-1,0669881568	-1,1590715826
YMR131C	-0,3347599331	-2,0563121379	-0,9459144295	-0,2822200219	-1,077570524	-0,7839291284	-0,9563628374
YMR134W	-0,2772920198	0,5476262893	0,453480294	-0,5319382244	-0,5814532629	1,8229619963	2,7639973759
YMR139W	-0,1126722054	-2,3485166033	-1,0075103108	-0,6440506127	-1,2460390502	-0,6117606634	-0,2955806293
YMR152W	0,0101731984	0,4574837685	1,0066498933	1,779133973	2,5919518847	2,6265125516	2,9512650692
YMR153W	0,2743678561	0,645926437	0,9682505191	1,8977293902	2,4829141137	2,7343510415	2,9946748333
YMR154C	0,2867151013	-0,8133377801	-0,2751877683	-1,2034251594	-1,9383764762	-1,8958108667	-1,985704062
YMR157C	-0,1904370753	0,1179356401	0,3371390252	1,5208475032	3,0988442128	2,7125194772	2,4365619941
YMR158W	-0,3129764506	0,0410199515	0,0043648086	2,3554114936	4,0079689252	3,7508265608	3,9924613061
YMR165C	-0,3108108818	-0,3360659575	0,0704580101	0,9514570699	2,1487826241	2,0360147942	1,3096455472
YMR176W	0,0342739405	0,1138316255	0,135406153	2,1295879305	3,7326696637	2,9753795479	4,3168447998
YMR177W	-0,0165455323	0,170072633	0,1069008361	1,5475941922	2,6220453015	2,6904099143	2,8785152215
YMR180C	0,1418466244	0,7602647041	0,6338327424	-0,0108618646	-0,4652564658	-1,8076449426	-2,2929790024
YMR205C	0,0915149109	-3,3513163124	-1,9589274839	-0,8204066113	-1,5888348889	-1,2578450145	-0,5165666974
YMR206W	0,3657750209	-3,5088718425	-1,9395636665	-0,9470183753	-1,8612964243	-0,5968595401	-0,5536058892
YMR207C	0,2668733225	-2,6987639813	-1,6790992032	-0,8368232871	-1,6356518763	-0,244785021	-1,2248413017
YMR214W	0,2536599953	-1,9314354367	-1,6623364435	-1,9402749749	-2,3395260565	-1,4342269383	-0,4148952651
YMR219W	-0,0092397196	0,1812225472	-1,2722854856	-1,7259950102	-2,3520844191	-2,5827942763	-2,1914016126
YMR224C	0,0694888945	-0,3627553119	-0,3209909238	-1,3033812753	-1,3967716225	-1,4896470296	-2,2006162949
YMR226C	0,1672664594	0,3301514386	0,8892161543	2,1034241705	2,6276221628	2,3652123471	2,2885546073
YMR242C	-0,0132609818	-0,2081142564	-0,1336665862	0,6754858558	2,5953916014	2,7295204757	2,3057315061
YMR243C	-0,0437251253	-2,6759200078	-1,3631905328	-2,1683168856	-1,1505221586	-0,7071983069	-0,3169785429
YMR245W	-0,0595008861	-0,6332917223	-1,0364087004	-2,944498545	-2,2651417398	-1,4379245421	-0,6030257003
YMR251W	-0,0310251801	-0,9528320943	1,9582933284	1,9294471493	1,3883514328	0,5424998569	0,2205734771
YMR253C	0,3435512561	2,0368834603	1,2167320311	0,0139636357	0,09783589	0,3747652781	0,7956556971
YMR261C	-0,1244795044	-2,7606091615	-1,2509666126	-0,4401223868	-1,0313473494	-1,1623489993	-0,6454493552
YMR264W	-0,0251057802	-1,9556209882	-1,1053350552	-0,709365297	-1,3412506807	-0,4612333697	-0,2071897228
YMR267W	0,0099192517	0,6871757888	1,7164565589	2,599213606	2,5959548273	2,8005315493	2,1924420399
YMR268C	0,0508068746	2,4818721467	1,117246569	-0,6916686442	-0,7548521525	-1,6833072438	-1,2922326296
YMR270C	0,0115341951	-2,4945813805	-1,7387281779	-1,822031939	-1,8627540419	-1,1224122135	-0,5579885527
YMR278W	0,1660341082	0,941070069	1,2561084671	1,7265810568	2,42802669	2,0245854749	2,57057574
YMR280C	0,1276374193	0,1354046405	0,0928676686	3,0947801567	4,1100277389	3,6848123051	4,8156218614
YMR281W	0,0224669064	0,4024367331	0,22248357	1,0522338912	2,134702509	2,0270017674	2,0954307843
YMR284W	-0,0227528907	-2,3052148939	-1,0046419762	-0,7422411999	-0,8958937294	-0,5691221224	-0,0840321139
YMR295C	-0,3224963348	-1,2285700047	-0,9690679539	-0,8457830593	-1,4423081662	-1,7186369903	-2,0646810589
YMR296C	-0,2362605704	4,2432033224	4,1782705558	1,719846634	-0,2378265472	-0,3517124205	-0,3967648053
YMR301C	-0,3574804025	0,5100107246	0,9818901549	1,0042209088	2,0788990109	1,612094534	1,4789324813
YMR304W	0,3030002823	0,7788190495	1,3094704606	2,1002290254	2,3426068818	1,8817331854	1,7194217447
YMR308C	0,4689852714	0,1306113601	0,1423998651	1,3831519021	2,3676483529	2,2067075104	2,1279455154
YMR309C	0,206113449	2,2571062003	2,0337522167	1,3575633228	3,6704362202	3,87451572	4,3635487622
YMR314W	0,1608760771	-1,9522506209	-1,8856045207	-2,3760757041	-3,0208671061	-2,4075109205	-3,1264622776
YMR316W	-0,038524103	-2,4532790658	-0,9494206576	-1,7928814241	-1,6665139336	-0,8680158714	-0,2718828002
YMR325C	-0,1240723311	-0,1851638117	-0,3601308324	1,040188108	2,0641078165	1,9783279567	1,5597168145
YMR326C	-0,3856560123	0,4567284356	0,4268663286	1,7495843159	2,8824123124	0,5668177832	2,6120013092
YNL003C	0,3165206773	-3,2691936273	-1,5535649576	0,2736355123	-1,5268153527	-0,7931148845	-0,6223439341
YNL004W	0,1748623345	-3,2179852093	-2,0360128461	-0,7203075658	-1,9194548934	-0,353465257	-0,7124629144
YNL007C	0,328191662	-2,5318889288	-2,2378463982	-2,489994947	-2,7880789482	-1,6374773829	-0,8276842595
YNL011C	0,2523622729	-2,2674887119	-0,3738380434	0,1481254598	-0,4641642989	-0,4761940061	-0,2537496018
YNL016W	-0,3021333998	0,7184225297	0,746691465	1,5593668672	2,3908173612	2,3001177244	1,8134959598
YNL017C	-0,130506281	0,0865643285	0,6174978711	1,9507826013	2,7142571208	2,4453625028	2,1243176065
YNL021W	0,6333364674	-2,3804810475	-0,9917537337	-1,5068271389	-1,3886168408	-0,5031059523	-1,084422786
YNL025C	0,1758740707	2,3549501225	3,1791977371	5,4371856182	4,6217300756	3,9867623699	4,1239833033
YNL031C	0,1851696582	1,9745123225	1,2565911721	0,919778857	1,5066315899	1,5300805086	1,8559051165
YNL032W	0,1377503725	2,0058389699	1,0647398002	0,8554803018	1,562222808	1,3551248289	1,8880380488
YNL033W	0,0144161025	0,4024736366	-0,2082269684	3,5833997002	4,6540533176	4,0578139445	4,6920497802
YNL034W	-0,0376285096	0,5492028886	-0,0420476655	2,5681460959	4,0808759876	3,0761686735	4,4308813029
YNL038W	-0,0713334866	-1,3137977277	-2,1283793355	-1,256148525	-1,7442279769	-1,4330425727	-1,2104555748
YNL048W	0,0111587816	0,5508272057	0,244603784	0,5047734267	2,6026054706	2,7317589262	2,9211857244
YNL052W	0,190190716	1,0640502732	0,3632979687	1,1421942086	2,1821877452	1,4605025171	1,8124181487
YNL054W	-0,0886205612	0,8532569261	1,179532844	3,1939415521	4,7302665744	4,0599424617	4,7422574567
YNL068C	-0,1051602903	2,0065706352	0,7476350228	0,189472374	-0,3420703103	-0,3329491426	-0,2046129193
YNL076W	0,1016304555	-2,2424632175	-0,4233197654	-0,9625717392	-1,5717579849	-0,3687535204	-0,5253567919
YNL077W	0,2373200875	-2,1123177946	-1,0929487994	-0,5935004241	-1,5514295369	-1,2630167056	-1,0697262179
YNL093W	-0,1626415046	0,1881941708	0,9489722518	1,8442992156	2,3481403137	1,8928719725	1,3520270747
YNL098C	-0,0105318701	0,4676303035	1,0620877213	1,4629651921	1,9981443855	0,8476683548	1,8266825223
YNL099C	0,2186503013	0,5501277602	0,6904842797	1,5610713855	2,1586596348	2,499999164	2,9813212141
YNL103W	0,1586198626	-0,2660913061	-0,3274398558	-1,8232342721	-2,2390706316	-2,3788137133	-2,4090448181
YNL106C	0,1659119664	2,5420052185	0,9242523657	0,4591348957	1,4324958303	0,2261656849	1,2474027741
YNL130C	0,5712179034	-2,2722724912	-1,5580939368	-1,8124344437	-2,0252260121	-1,1602716645	-0,3801533029
YNL131W	0,5859226042	-1,796515804	-1,0971856706	-1,901210187	-1,9280676068	-1,149700055	-0,0722486883
YNL141W	-0,1612059938	0,5453916466	2,0772638465	2,1726394045	1,9106290218	0,9851337002	0,7911403885
YNL147W	-0,3125659582	-0,0394074767	-0,0434088215	3,5143008655	4,9433223516	4,8489032903	5,614159243
YNL148C	0,0050816423	0,4321865178	0,112379802	2,5641978322	3,2934459473	3,6579823749	4,8691344951
YNL169C	0,7490791419	0,7107784126	1,3440415749	1,7279163258	2,0538406366	1,2239023113	1,331055491
YNL175C	0,0167638808	0,0245899204	-0,0291299082	1,2183834647	2,2917729829	2,2828925861	2,0257095361
YNL182C	-0,2626718462	-0,0845252394	-0,8708895885	0,3804430087	2,7723794559	2,7190893673	1,8377791189
YNL194C	0,8872649652	-0,545410922	-0,2324371503	0,8222880486	2,3384878825	1,717061165	2,1501344314
YNL201C	0,144584524	-1,2007637403	-1,7242509752	-2,122162112	-2,239620742	-2,3181735516	-2,6381252019
YNL202W	0,1305831542	-0,3388172684	0,0586550507	0,9702143577	3,663989951	3,6735588691	4,9959301954
YNL206C	-0,0345342145	-2,5794717046	-1,6374103109	-1,2787789124	-1,7509447673	-1,6017824659	-1,2352974751
YNL221C	0,1805309656	-3,5076134938	-1,3907125004	-0,6325451053	-1,2339407327	-0,5307183504	-0,5643069393
YNL222W	-0,016695203	-2,4451214528	-0,7371973848	-0,0348875589	-1,0206010062	-0,0902080891	-0,3893215266
YNL242W	0,0555077841	2,0442159268	0,9580101636	-1,0706990698	-0,5497183066	-0,0758109001	-1,1044259304
YNL255C	-0,0336893903	-2,151412456	-1,9454943883	-1,5634515762	-1,6472515552	-1,3491158166	-0,8255865913
YNL260C	-0,6704800247	-0,8149171756	-0,3457182955	3,2952687647	5,2170452826	4,6757722957	4,7462082778
YNL261W	-0,103061262	-2,4563641818	-2,3314710436	-2,1662716291	-2,5753875943	-2,0340204075	-1,8539877815
YNL264C	-0,2086591399	0,2771321404	-0,1342278684	-1,9150885349	-2,1150643386	-2,0072191305	-1,7485572413
YNL269W	0,1525580123	-1,9631430732	-0,7716742661	-0,9738234885	-0,8413347826	-0,8764965038	-1,441937991
YNL271C	0,4261375162	-3,360642318	-0,3718590814	-0,6201896758	-1,0389895914	-0,9050020312	-1,3304936515
YNL283C	0,2063453782	-1,7729133951	-2,02803999	-1,5852060941	-2,0847481019	-0,8142503862	-0,4100784125
YNL289W	-0,2063941533	-0,5023365393	-0,7203970045	-1,2741605298	-1,9911757821	-2,069277908	-1,3427899337
YNL293W	-0,2473776643	0,6992656304	1,1761094362	2,8911886682	3,7740193542	3,3450884803	3,1948749878
YNL297C	0,3372494801	1,2990754995	1,9798140455	2,54379602	2,6111600953	1,173216521	2,0563061858
YNL301C	0,0749658193	0,6677174938	0,2835745769	0,5017975887	2,074726054	2,1570813589	2,5007352523
YNL303W	-0,3638972957	-0,149662246	1,3078400002	1,4042860654	2,3485839342	1,8800335741	0,7290499587
YNL304W	-0,2621643137	2,407330988	0,4132044068	0,2015667624	0,7360174867	0,7983698983	0,4269660201
YNL316C	0,4473300534	-1,8665317631	-1,6733408961	-2,173565702	-2,1811373897	-1,0894113629	-0,1825335611
YNL320W	0,1209936954	3,000665136	2,4568947812	2,186779053	1,8809326065	1,2630899496	1,3763787976
YNL328C	0,1205928736	2,4001008978	0,9950255649	0,181661465	0,103257819	0,4854821144	0,6893093905
YNL334C	1,1829250953	1,2340488556	1,0478944311	0,5639927289	1,9938653629	1,9454208243	1,8485352391
YNL335W	-0,0837617596	0,1844210132	0,5974507826	0,8208391543	2,0580434332	1,8033435687	1,2706603345
YNR001C	0,440958601	-0,3614269377	-0,4299775614	-1,6899556812	-2,5319310483	-1,5381529232	-1,4179442999
YNR002C	0,3242484957	-0,630624712	-0,3941902678	-1,5502831354	-1,9469612663	-1,1350260328	-1,1566545034
YNR009W	0,1090457608	-0,9141849013	-1,7046729304	-1,9101872409	-2,6713842998	-2,2852275349	-2,65127949
YNR017W	0,0058812475	1,2512595049	0,2993516213	-0,3284551963	-0,5674190253	-1,6494178886	-2,1900518526
YNR018W	0,155777403	-0,5238723129	-1,3008835679	-1,279920255	-2,1488539546	-1,3641310135	-1,5277596103
YNR022C	0,3102387084	-0,0108970834	-0,7824215439	-1,1246319764	-1,9862653636	-1,8907538554	-1,5717867638
YNR027W	0,5731964976	-2,1589456026	-1,5818107337	-1,8404662489	-1,9663636227	-0,5184788486	-0,2449468331
YNR028W	0,4923344925	-1,98056007	-1,101061929	-1,8551353197	-1,8299220085	-0,9974132437	-0,121860958
YNR030W	0,2446592311	0,2459495123	2,0440960783	2,0625867701	1,8491279262	1,6417542688	1,5110624563
YNR032W	0,3031437833	2,2442314346	2,3047109061	1,4605445188	1,4234273823	0,9774157537	0,3649832149
YNR038W	0,1408090114	2,068057136	1,3105233161	2,4307484386	2,9326053515	2,2104120738	1,1943003274
YNR039C	-0,1226835254	0,3364885003	-0,1783384807	3,7277604029	5,416838643	4,9410379369	5,9794411336
YNR051C	0,1441326152	-2,3541362296	-0,8305816766	-0,1223723886	-0,4993069453	-0,0045381087	-0,3981722997
YNR053C	-0,2683552672	0,43911841	0,6541722836	0,3196620549	1,6755148861	0,7885512363	2,2913407843
YNR057C	0,1356512895	-1,849980924	-0,2746017709	-1,2029911699	-2,2601594781	-0,1652663545	-0,905379693
YNR058W	0,4465389145	-1,6046038752	-0,3866727921	-1,9779100105	-0,6640294142	-1,4538999449	-0,4212088375
YNR065C	-0,230041813	-2,1236285246	-1,6684674785	-2,8944303681	-3,1622325696	-2,8984836704	-3,0686870735
YNR076W	0,0653371949	2,4672773676	1,1677231943	0,9788825497	0,269906776	-0,3214855187	-1,0652922851
YOL006C	-0,2930703342	-0,0577438303	-0,3236476406	0,5102303753	2,3059672236	1,9526588396	1,5163918257
YOL014W	-0,2992268132	0,5593371435	-1,1065241835	-1,6269457807	-2,1466458586	-2,1987601542	-1,9730243392
YOL015W	0,445238157	-0,185869899	0,2925657296	1,4507562852	2,0057915655	1,7372557926	1,4133563716
YOL021C	-0,0546660625	0,1386577266	1,1455119885	2,1001424303	2,326680955	2,486474575	2,2989029289
YOL022C	0,0208054091	0,2827317445	1,8234280119	1,6219931469	1,9683472828	0,7662259257	1,1934818867
YOL028C	0,1535808016	1,002267387	0,1805918381	0,9092422399	2,3711107772	1,1987622613	2,1371587659
YOL029C	0,0410056368	1,3521175001	1,5620098156	3,6238812302	4,1595647409	4,3885845162	4,3417895338
YOL032W	0,0518885575	-1,0036609635	-1,3072792496	-1,6645377361	-2,2282453025	-1,9157454844	-2,3177236564
YOL045W	0,0975777207	-0,195862211	0,3695817427	2,7632096323	4,1852049306	3,6134221116	4,4993933566
YOL059W	0,0272632747	-1,4764499899	-2,0550404898	-2,0942266421	-2,1186434856	-1,3715265009	-0,7625483089
YOL060C	0,284919547	-1,9830551861	-1,6347997789	-1,9949567911	-2,1955079272	-1,2683988454	-0,4753576949
YOL067C	0,3334540456	0,6915547202	0,1579103692	3,0061334904	4,037652324	3,3381695181	4,1746601969
YOL073C	0,0763013303	0,5031428874	0,3705177179	-0,4033543731	-0,1813389123	1,5141349047	2,1980290371
YOL079W	-0,1559442999	2,9521392298	1,3654101354	0,4988767618	0,4498279841	0,2573082265	-0,1239059037
YOL080C	0,1231480074	-1,7686673407	-1,6309170242	-2,0019490808	-3,0196269658	-2,8661949459	-2,5564264231
YOL088C	-0,2316913688	0,4726095603	0,6044083958	1,8132821573	2,1548714393	1,722491962	0,731882238
YOL089C	-0,0773804435	0,4724799745	0,4044400046	1,6405378799	2,4936550087	2,2118859974	2,1046870797
YOL090W	0,2342309885	0,6255605656	0,8365011617	1,383457493	1,9412245459	2,0258074282	1,5435164826
YOL098C	0,173505304	-3,1147162745	-0,9749740908	-0,4713577169	-1,4198899285	-1,0556392156	-1,0290275533
YOL103W	-0,1357971443	0,7338627863	0,0592302049	-1,1087240575	-1,9427335334	-2,0554408694	-1,6538528969
YOL104C	-0,0250616212	0,6321955446	1,1474618896	1,1802971493	1,0317728685	1,5598951505	2,0943429451
YOL111C	-0,1982379579	0,2806556488	0,6052275313	5,0348229311	5,4266999314	4,7913636693	4,6386649876
YOL119C	0,132123425	0,8737952755	0,9655597445	1,9715154863	1,7243863045	1,7626685571	1,4799572241
YOL120C	0,0352467796	0,8825431891	1,1136468911	2,2491758745	2,0139092537	1,453621786	1,734866211
YOL124C	-0,9931484874	2,9291373309	2,9285029217	3,4388560525	4,1000308058	3,624661121	3,3941870026
YOL146W	0,1210723181	0,8027801101	1,021872198	1,4349487884	3,0328476514	2,1522469314	3,7042004516
YOL147C	0,2835507848	-2,1428087393	-1,1392234354	-1,5709675713	-1,6065758648	-1,3480118809	-1,3699886412
YOR003W	0,1099543444	0,0869007598	0,7704702533	1,4407999118	2,4078049234	2,1189636287	2,1386410142
YOR005C	0,0420091198	2,2444031697	1,8536772715	2,7545132905	3,2887391209	3,2616370181	2,8698462963
YOR006C	-0,1784439461	-1,9699888251	-2,0197730174	-1,4490188086	-2,0684396508	-2,431408998	-2,5717575047
YOR008C	-0,1312715852	1,9816722889	0,9134633567	0,5804548696	2,3283313615	2,4382972509	2,1230441138
YOR010C	-0,3027313678	-1,9908784608	-0,9857142092	-1,0344706023	-1,3169298277	-0,7736221623	-0,1835657566
YOR016C	0,0710622573	-0,0455079751	0,6347387716	0,9519358547	1,9345953954	2,0219606168	1,840299578
YOR018W	-0,0034029768	-0,3814701661	-0,1209776789	2,4860431777	4,5389021036	4,4872984944	5,2067132744
YOR023C	0,0475678135	-0,6474670857	1,4270561535	1,9481693541	1,3168264466	0,8693816253	0,6090648983
YOR025W	0,0356245327	-1,5467011082	-0,9569870082	-1,6954772209	-1,9443416995	-2,0444190596	-1,950583524
YOR026W	0,3882801888	-0,8811344195	-0,5821326882	-0,6881273282	-1,4537214851	-1,8590289713	-2,1488423544
YOR034C	-0,1896123403	-4,0613010619	-2,1067270854	-1,0554077825	-2,1829338668	-1,1269416451	-0,4212126989
YOR035C	-0,1142161028	-1,9420495183	-1,5538064427	-1,2777690495	-1,9065155102	-1,8743685809	-1,4487080012
YOR036W	-0,0501332277	-1,9077916081	-2,1953541267	-1,3617665783	-2,2518738042	-2,1562369427	-2,6038492536
YOR037W	0,0554101186	-2,3746003789	-1,5997024254	-1,6941482225	-2,1521227665	-2,4207558002	-2,1297593464
YOR042W	0,2575016024	0,0550737658	0,8163758508	1,8764908252	3,5767752192	3,539050234	4,4281439752
YOR053W	0,0649576153	1,9349310212	2,0617881098	1,5924182864	1,3406479533	0,9908521638	0,8087147707
YOR056C	0,0374948171	0,5144560285	-0,2809799806	-1,0155318982	-1,723733254	-1,953396915	-1,2468457786
YOR062C	-0,1567678017	-1,9571201205	-0,979677944	-1,8077299022	-1,618982765	-1,1278123767	-0,2513273731
YOR065W	-0,0220891777	0,4938679563	0,3698070371	0,9113893681	2,128698226	1,6631256859	1,7725271367
YOR070C	-0,0488073354	0,2031323233	0,0941920204	2,749854048	4,7047363963	4,0830137984	5,5079482089
YOR076C	0,307267209	0,1681552517	0,0809943934	-1,22564111	-0,3398377165	-0,2417932779	-1,9513384114
YOR077W	0,0635868585	0,3638476889	0,38842239	1,8795446722	3,8528853422	4,3958137151	4,3162775627
YOR079C	0,0881264432	-0,3105101001	0,8419272435	1,1387916784	2,2377324006	2,0641130328	1,1550626179
YOR083W	-0,1896475533	-0,1834962836	-0,2190332033	4,5762455456	5,54772621	4,4085221858	5,619076572
YOR089C	0,1589114181	0,3777223975	1,3932797728	2,2776764907	2,0816695679	1,6841390359	1,1553118641
YOR100C	0,0893698464	-2,5975868425	-1,4569888699	-1,0619511631	-1,868299492	-0,1706841132	-0,5131250299
YOR101W	0,020539989	2,5864471075	1,4502865253	0,6669717093	0,2330330802	-0,0141592898	-0,2675597733
YOR106W	0,0177705565	0,6322401015	0,7315215204	1,1436953367	2,281935614	1,9575298123	1,3250232634
YOR107W	0,0076088556	0,383120411	1,0308488101	1,5125769985	1,9978951189	1,749077951	1,0033914856
YOR121C	0,5473734039	-1,9005469353	-1,3546836094	-1,9872952381	-2,0343152635	-0,9371478146	-0,0172517861
YOR122C	-0,1113260485	-2,1658933576	-0,8304801897	-0,1309502262	-1,1288599473	-0,1902547471	-0,1517782245
YOR125C	0,003907651	-0,1356891336	0,2606591783	1,6222516297	2,4336773217	2,108914127	1,7710560028
YOR126C	-0,6829301361	-1,4640183575	0,3295961971	1,9847750387	3,5006203459	3,3708749822	2,4920397431
YOR127W	-0,0384333785	-1,737579842	-2,0114575365	-2,854422595	-3,5145297961	-2,886041876	-2,9281266765
YOR128C	-0,3443742443	-0,8759808207	-1,4997956136	-1,3941826168	-2,0181352832	-1,7200248494	-1,4345777747
YOR129C	0,1024723097	0,1986018478	0,6039320488	0,7554588531	1,9969414866	1,955489906	1,2782168782
YOR134W	-0,1010589989	-2,9649540706	-2,1157654891	-1,3949058555	-1,5391301255	-1,2425164666	-1,4467713178
YOR137C	0,029706667	-3,1864779577	-2,0848710115	-0,6916433714	-1,996088377	-0,7784831583	-0,3998094582
YOR138C	0,3239619183	-2,9232756253	-2,276800362	-0,8176884467	-2,3585673589	-0,9212524781	-1,0816516338
YOR140W	0,41838287	-2,8502389993	-1,4432948057	-0,8673422973	-2,2955813834	-1,1411654976	-0,4363711949
YOR141C	-0,0535342006	0,365872019	0,4893806529	5,5765758481	4,5244364073	4,4426637766	5,9261555097
YOR166C	0,2424144094	-1,8082117438	-1,0889882224	1,4324882857	2,0969148386	1,7491882031	1,7613665081
YOR167C	-0,3374666023	0,3206194048	-0,2229561514	1,8164705662	2,8671912669	3,3718520044	3,4841786883
YOR172W	0,4118748435	-2,6679368429	-1,2544187221	-2,3632594974	-3,1691289005	-1,4480432564	-2,3030869933
YOR178C	-0,1604397376	1,6888011401	1,7201078844	2,9481717683	2,6574932935	1,9621711221	1,206504171
YOR179C	0,007619844	3,6724157443	4,0118708717	4,4708279111	4,2815336379	4,2359074913	2,6251534565
YOR183W	-0,1680380724	-2,3996451331	-0,7356650821	-0,1484523264	2,6734875953	3,5534835391	3,5792245813
YOR186W	-0,4797219727	-0,9996087921	-1,171870472	-2,0995742064	-1,5160263127	-1,9987088191	-1,7852223524
YOR192C	-0,0572090138	0,0306518541	-0,1533988286	0,9480449849	2,4499844326	1,6908375211	2,386572671
YOR193W	-0,2334701382	0,4042951408	0,1194437072	2,46128675	3,5184064747	3,7962170418	4,175441055
YOR194C	-0,0524767573	0,0686663055	0,2514610993	1,3796947257	3,2948393861	1,0985513793	3,2268430546
YOR203W	0,0998685532	3,2755523042	3,5869493189	1,2826974214	0,8118779638	-0,160866827	0,1477100779
YOR210W	0,3039310454	-0,8581056421	0,2903958058	-1,325697014	-2,27513402	-1,717666943	-1,4980434392
YOR213C	0,3664283391	-3,2623775048	-2,8748861803	-3,6041068233	-3,6244994963	-3,2118447947	-3,263126753
YOR217W	0,2368838004	-2,0005275179	-1,6201517373	-2,1456861508	-2,7127426821	-2,1402950783	-2,6967433996
YOR219C	0,1485352722	0,3644452853	0,6873245836	-0,6570494765	-0,2537407111	1,2070553375	2,9005323402
YOR234C	-0,0379705715	-3,0938432891	-1,5503524359	-0,5165661754	-1,4781657213	-0,6690360485	0,148750864
YOR243C	-0,0050180193	0,4963676296	0,2022822724	3,1427100697	4,2809179736	4,2622085801	5,0799410244
YOR249C	-0,2113804809	0,5403852731	0,5829586915	2,9683386958	4,6128014797	3,997423053	4,1775422295
YOR255W	-0,2579268263	0,6442107012	0,793760034	4,0329592339	4,6073923608	3,938940744	4,1746909846
YOR256C	-0,2185028572	1,7691513476	1,1307082596	2,1205269745	3,5900325659	3,0799342986	3,0216046152
YOR257W	-0,4219828924	1,0214771818	1,0201641891	1,3133873236	2,9225391442	2,2815763596	2,0827729076
YOR265W	0,14200288	-2,3735170168	-0,4890277881	-0,0701125867	-0,0815461476	0,2736630959	-0,0093902084
YOR279C	0,1877285317	-1,5078348828	-1,0400452461	-1,6772247599	-2,2778359031	-1,588038848	-1,306193504
YOR283W	0,3221988353	-0,1497870718	-0,667139893	-2,4123150081	-3,1520967301	-2,8778937348	-2,8921492346
YOR301W	0,0534714835	-2,0568405108	-1,0604166592	-1,8821731705	-2,1954352741	-1,225214517	-0,3901710217
YOR303W	0,1960472486	-2,4549325605	-1,7190697882	-2,1444601687	-2,0625021079	-1,1565607652	-0,350012923
YOR312C	0,369255373	-2,2375831726	-1,790578398	-2,6713839262	-2,4667598628	-1,5966569916	-0,8531498357
YOR313C	0,1453357634	-0,0063976468	0,4561414557	-0,8247686437	-1,297098877	-1,8701374804	-2,0400112797
YOR315W	-0,020352527	-2,5196583405	-1,2478205099	-0,2761658451	-1,2066141494	-0,3316395871	-0,33067739
YOR326W	-0,0418172167	-0,6329716137	-1,1092003446	-1,8447212783	-2,1940129235	-2,1580567222	-1,9651473251
YOR328W	0,1711693897	-1,7354117984	-1,5403198233	-0,6951283526	-1,5639837226	-1,9722437628	-2,1114405783
YOR333C	0,0847691867	2,7750010498	2,5116796241	3,1491489994	2,4428038924	1,8035001666	1,4510857186
YOR335C	0,3476747358	1,4166287583	1,0924854488	2,2475358041	2,5151615249	2,2646933917	2,0075581899
YOR336W	0,2252756832	1,3161466727	-0,2607733658	0,7563054351	2,2504914769	1,8700981416	1,7320461509
YOR341W	0,2005752921	1,6590165528	1,5395194374	2,590155628	1,8387029016	1,9531083689	2,212124583
YOR342C	-0,1234189786	1,1873247154	1,6043823045	2,2890677627	2,1041591043	1,8332796628	1,4949895873
YOR343C	-0,2426289055	2,3851704764	4,5520895817	5,3534816444	5,5163170279	4,794580166	3,3309213438
YOR344C	-0,1862785562	0,4407581515	1,1151337783	2,0595005092	2,1089101693	2,0407090602	1,6744506896
YOR346W	-0,0387756834	0,7934477741	1,3911919682	2,0891019214	2,9847061656	3,0299455636	2,382227475
YOR348C	-0,1631629481	-2,4014260466	-0,9805335117	-0,0190534523	-0,4027127297	0,0306854207	-0,1248787048
YOR350C	-0,0107338381	1,1443071624	0,6458627978	1,0878164	1,740616705	1,9361056458	1,7397002574
YOR352W	-0,72398723	-0,3811228638	0,255024112	4,1186908263	4,5756666516	3,9970659789	5,2025725492
YOR353C	0,3751124829	-1,9730469769	-2,3484947098	-2,031811854	-2,4818768652	-1,4541768092	-0,5389498366
YOR364W	-0,1213391313	-1,9851120576	-0,9469715626	-1,4175518022	-1,6406111337	-0,6314985336	-0,4010162702
YOR365C	0,1411394544	-1,9821671092	-0,8314387047	-1,3260037164	-1,576412929	-0,8409838657	-0,1549113136
YOR386W	0,3488908853	0,4791995615	0,7546400023	1,9333513296	1,9801554474	2,1701450327	1,6232697096
YPL006W	-0,0300156551	0,1607599768	0,4611847288	1,9569444431	3,1928309231	3,0400572572	2,9467637883
YPL012W	0,0798257466	0,5223842746	0,4673903865	0,955463452	2,147226932	1,4021157	1,6334114748
YPL020C	-0,1692984031	-0,1561170262	-0,1529577701	0,7629444396	2,0674187597	2,5286386419	1,7854903173
YPL026C	0,2127395391	-1,3444792492	-1,5534802911	-2,390331588	-2,1983480354	-1,3345539966	-0,3885187796
YPL036W	0,137289317	1,5782960904	1,9280197161	1,719334847	3,1840404118	1,0100548067	2,8613301681
YPL037C	0,1742154731	1,4618918735	1,691129674	2,4068636375	2,7459860139	1,7600428906	1,4563266532
YPL051W	-0,1315494126	1,0036740393	0,7978677977	0,7996716743	0,2626513894	0,7793291419	2,5194071108
YPL075W	-0,1856027193	0,1332353925	-0,9311046142	-1,2423147533	-1,9273181111	-1,560894752	-0,9092227669
YPL083C	-0,1987219828	0,1603412996	0,2945428856	1,6429648855	2,2424117384	2,5719640279	2,0358327275
YPL090C	0,2525645178	0,8244568616	0,464820899	0,005833541	-0,5789144877	-1,2949337417	-2,0660846276
YPL093W	0,0160262067	1,0213911104	0,0487010764	-1,7132157078	-2,3542135063	-2,2210298818	-0,9334312197
YPL095C	-0,2138241372	0,27062857	1,8686035905	1,8649108556	2,5278781808	1,8623164211	1,679140018
YPL105C	-0,0703192202	-1,8273825593	-1,493667856	-2,1537996016	-2,0546821204	-1,9189749051	-1,6150564204
YPL106C	0,0361611744	-1,7390004904	-1,5824320512	-1,7418352114	-2,2767433117	-0,8865369169	-2,1722190796
YPL108W	-0,1220829542	0,1403461899	0,1415334864	-0,1529384635	-0,2994963108	0,7575161441	2,098354937
YPL112C	0,0831963275	2,4822054977	1,4270010419	1,3801277844	0,9487973143	0,1202986591	-0,1756952734
YPL113C	-0,0367353686	2,5805394356	1,9282801823	2,0692088261	1,4678922824	0,555242926	-0,221199594
YPL117C	-0,1585030115	3,1819857952	1,9003957062	1,9049979707	1,8108517562	0,681830298	-0,3082421286
YPL118W	-0,3169181671	2,352843727	3,6321896941	4,3418658678	4,5596938137	3,8670374518	3,2201833919
YPL124W	-0,1570197217	-2,0594504523	-0,997171062	-0,5716041634	-1,0695492571	-0,9083196057	-0,8651855256
YPL138C	-0,0131396512	0,1014686923	0,1488131392	2,5822587342	3,2438073967	3,0644049401	3,1857931537
YPL141C	-0,1330130881	-1,6217229984	-1,5737564914	-1,1041830567	-1,9786432262	-2,0956475613	-1,7085735144
YPL165C	0,2626482265	-0,1670793676	0,1275597492	0,7031218174	2,4047497333	1,766671706	1,6633510191
YPL185W	0,5246111557	-1,8146901179	-1,6875650366	-3,3618383157	-4,0210630107	-3,2168179789	-3,1344847321
YPL188W	1,0340396345	0,2032760763	-0,3556409127	2,4941948095	4,1907704209	3,7850998578	4,5092028496
YPL189W	-0,0640769258	0,0775663268	-0,5070295308	3,8102962545	4,6390692767	3,8534247479	4,9124053978
YPL190C	-0,0844508417	0,5623066025	-0,008855667	0,7661581463	2,4606322072	2,5553272065	2,2623355357
YPL213W	0,0502772266	-1,3724835311	-1,4698937409	-1,7085354805	-2,1825013858	-1,1939659568	-0,5300960449
YPL217C	-0,0380711599	0,8228200683	0,5843358107	1,1726154619	2,3470863763	2,0336379656	1,3356632331
YPL221W	0,0744240956	-1,9634806517	-0,9769257289	-0,2208844409	0,4724196967	1,1607241261	0,8267021081
YPL222W	0,1216307858	0,9758550005	0,8474054229	1,2464930847	2,1261806172	2,4162815572	2,1047691911
YPL231W	-0,077420484	0,6922694385	1,6495403408	2,7777328052	3,6718950036	3,1321851751	3,1538896655
YPL233W	0,0710434333	0,310681144	0,6306456219	1,127643732	2,1556211525	2,0944316525	1,8740810173
YPL234C	0,0733455128	-2,1716432845	-0,6479521488	-0,5942401676	-0,8541337456	-0,3230760126	-0,8252289379
YPL235W	0,1658093921	-2,5272644362	-0,01264973	-0,4666314819	-1,1314125611	-0,7638254908	-0,9537290715
YPL247C	-0,013251936	-2,1095250204	-1,4319362297	-1,1246214404	-1,9319209187	-1,5082618693	-0,5794164286
YPL251W	0,3431856944	0,3560415689	0,2756381802	1,3593003075	3,2916756096	3,5948084267	4,0771475415
YPL252C	-0,2035208602	-0,1860528088	1,0436265874	2,1343108115	2,9706080716	1,990946252	2,2420019094
YPL253C	0,2012116147	-2,0319514482	-0,3327791336	0,091343825	-0,3410103018	-0,4056011477	-0,0643577347
YPL254W	0,0785852121	-2,6432816038	-0,501579685	0,2054290485	-0,4782923486	-0,3747535476	-0,5307259619
YPL255W	-0,1627106151	-2,7881144928	-1,3590530079	-0,5513556647	-1,1831782862	-0,8378312328	-0,5054619137
YPL260W	-0,0090832944	0,6137474176	0,9943468318	1,6293927707	1,1936751253	1,0616422735	1,9795817751
YPL278C	0,1644039891	2,0788055087	0,47298191	0,2839008176	0,3834473882	-0,0560594201	-0,030204684
YPR020W	-0,0763484542	-0,3574951388	2,0499500373	2,3288517781	1,3373215593	1,8211458073	1,250784333
YPR063C	0,3254518419	-2,755133451	-2,7343519422	-3,3335421404	-3,3426038614	-2,0163858875	-3,0095481007
YPR068C	0,347309165	-0,3796656025	1,8943777323	2,1340134667	2,3662751455	2,2759054506	1,9463202756
YPR082C	-0,1848506026	0,0650877221	-0,109360187	0,5898551609	2,1372998649	1,5744873852	1,4957631266
YPR092W	-0,1400160371	-2,1486873671	-0,4031281894	0,0571737652	0,3566382128	0,3958969266	0,1912501743
YPR093C	0,0380231374	0,0727585603	-0,2923595627	1,8646414291	3,6312306961	2,1197760689	3,3426121487
YPR116W	0,0102683007	-0,2363925206	0,0795760446	0,7878802996	1,6687197302	2,0292431467	2,0146893007
YPR144C	0,2334223842	0,3118617141	0,5410937876	1,3185853819	2,2245771618	2,6817245846	2,374256194
YPR149W	-0,2398044344	0,1639291233	-0,1983389223	0,9799941218	2,8524692337	2,9624637338	2,3757619964
